message_id,date,sender,text,views,threat_level
msg_-1001474058642_481922,2026-07-25T10:02:40+00:00,7811752003,Photocopy Link For BE 2019 Pattern Will Start from SPPU • Application Start Date : 23th July 2026 • Last Date to Apply : 2nd August 2026,10,LOW
msg_-1001474058642_481921,2026-07-25T10:02:27+00:00,7811752003,Photocopy Link For BE 2019 Pattern Will Start from SPPU • Application Start Date : 23th July 2026 • Last Date to Apply : 2nd August 2026,10,LOW
msg_-1001474058642_481920,2026-07-25T09:25:48+00:00,5446190810,"**Hey**, [Rahul](tg://user?id=1419426141) 👋. 𝕎𝕖𝕝𝕔 𝕥𝕠 @𝕊ℙℙ𝕌𝔹𝕋𝔼ℂℍ 🎉🎊    • ᵂᵉ ᵃᵖᵖʳᵉᶜⁱᵃᵗᵉ ʸᵒᵘʳ ᶜᵒⁿᵗʳⁱᵇᵘᵗⁱᵒⁿ ᶠᵒʳ ˢᵗᵘᵈʸ ᵐᵃᵗᵉʳⁱᵃˡˢ ❤️   • [ꜱɪʟᴇɴᴛ ɪɴᴠɪᴛᴇ ꜰᴇᴀᴛᴜʀᴇ](https://t.me/SPPUBTECH/1/126912) 🤫",10,LOW
msg_-1001474058642_481917,2026-07-25T08:49:04+00:00,913866550,Photocopy start kdhi honar ahe,10,LOW
msg_-1001474058642_481916,2026-07-25T08:18:56+00:00,1350643814,Hi,10,LOW
msg_-1001474058642_481912,2026-07-25T07:24:12+00:00,2065274634,Bhaii vo loag Saturday Sunday ko bhi exam lety hai 🙂,10,LOW
msg_-1001474058642_481907,2026-07-25T06:47:16+00:00,1628844812,ataa ha bro,10,LOW
msg_-1001474058642_481906,2026-07-25T06:44:04+00:00,1628844812,be project avilable,10,LOW
msg_-1001474058642_481904,2026-07-25T06:41:13+00:00,5914393037,Sat sund ko nahi ayega bro,10,LOW
msg_-1001474058642_481903,2026-07-25T06:40:59+00:00,7762136470,Hope it's come,10,LOW
msg_-1001474058642_481902,2026-07-25T06:40:45+00:00,5914393037,"This is not prediction this is spoiler  ""udya yeli 100% te2019""",10,LOW
msg_-1001474058642_481901,2026-07-25T06:17:54+00:00,1875043602,Te2019 result ?,10,LOW
msg_-1001474058642_481900,2026-07-25T05:52:23+00:00,609517172,**All Previous Year Question Papers** ⏭ https://t.me/PuneEngineers/492,10,LOW
msg_-1001474058642_481899,2026-07-25T05:52:22+00:00,6724586646,Pyq,10,LOW
msg_-1001474058642_481896,2026-07-25T05:37:24+00:00,8280600858,BE 2019 pattern result ka issue solve hua kisika?,10,LOW
msg_-1001474058642_481895,2026-07-25T05:22:37+00:00,8223161856,Anyone 3rd 2024 pattern syllabus pdf aahe ka,10,LOW
msg_-1001474058642_481893,2026-07-25T04:21:20+00:00,5975195645,Embedded processors insem papers,10,LOW
msg_-1001474058642_481885,2026-07-24T20:26:22+00:00,609517172,"User [Kt](tg://user?id=5693873423) has 1/3 warnings; be careful! **Reason:** check rules, don't do it again!",10,LOW
msg_-1001474058642_481880,2026-07-24T15:57:31+00:00,7755632681,Give mi gate study material,10,LOW
msg_-1001474058642_481878,2026-07-24T15:08:40+00:00,1875043602,ATA direct next sem la yeli vatt result 😂,10,LOW
msg_-1001474058642_481877,2026-07-24T15:08:08+00:00,1350643814,😂😂,10,LOW
msg_-1001474058642_481876,2026-07-24T15:07:44+00:00,1875043602,Bhai Udya kdhi yeto ka 😂,10,LOW
msg_-1001474058642_481874,2026-07-24T14:48:43+00:00,1350643814,Aur teri prediction,10,LOW
msg_-1001474058642_481873,2026-07-24T14:48:34+00:00,1350643814,Kidar h bhai tu,10,LOW
msg_-1001474058642_481856,2026-07-24T14:02:14+00:00,6058083324,Nhi ala na,10,LOW
msg_-1001474058642_481830,2026-07-24T13:24:52+00:00,1350643814,30 tak aayega,10,LOW
msg_-1001474058642_481826,2026-07-24T13:20:44+00:00,5696887110,kal lag sakta result?,10,LOW
msg_-1001474058642_481809,2026-07-24T12:58:15+00:00,User_-1001474058642,It was never meant to be a scholarship,10,LOW
msg_-1001474058642_481805,2026-07-24T12:53:11+00:00,5744293864,"Give unit wise notes of Os,ds,digital marketing, deld,uhv",10,LOW
msg_-1001474058642_481792,2026-07-24T12:33:39+00:00,1496087428,"""नमस्कार मित्रांनो, ​शासनाने 'Against CAP' अंतर्गत प्रवेश घेतलेल्या महाराष्ट्रातील सर्व विद्यार्थ्यांची स्कॉलरशिप रद्द केली आहे. हा आपल्या भविष्यावरील मोठा अन्याय आहे. ​याविरोधात आपल्याला हेड ऑफिसपर्यंत आवाज पोहोचवायचा आहे आणि निवेदन द्यायचे आहे. आपल्या हक्काच्या स्कॉलरशिपसाठी सर्वांनी एकत्र येण्याची हीच वेळ आहे. ​खालील इन्स्टाग्राम रील/व्हिडिओ बघून नक्की शेअर करा आणि आंदोलनात सहभागी व्हा: ज्यांचे ॲडमिशन Against CAP मधून झाले आहे, त्यांनी त्वरित हा ग्रुप जॉईन करा!""",10,LOW
msg_-1001474058642_481750,2026-07-24T11:27:21+00:00,7811752003,Updated_TE_Instrumentation_2024 Course Syllabus_24072026.pdf,10,LOW
msg_-1001474058642_481740,2026-07-24T10:53:23+00:00,8546083901,"नमस्कार मित्रांनो, ​SPPU मधील अगेन्स्ट कॅप स्कॉलरशिप रद्द झाल्यामुळे, हेड ऑफिसला अर्ज देऊन आपल्याला विरोध करायचा आहे. ​फक्त अगेन्स्ट कॅपचे विद्यार्थीच ग्रुपमध्ये जॉईन व्हा. ​पुढील आंदोलनाची दिशा ठरवण्यासाठी सर्वांनी एकत्र या!",10,LOW
msg_-1001474058642_481738,2026-07-24T10:19:08+00:00,1350643814,Bhai ab tu maaze le rha h😂😂😂😂,10,LOW
msg_-1001474058642_481737,2026-07-24T10:13:40+00:00,7811752003,😐,10,LOW
msg_-1001474058642_481735,2026-07-24T10:13:28+00:00,7811752003,Result lag gaya but SY BCOM ka.,10,LOW
msg_-1001474058642_481733,2026-07-24T09:54:15+00:00,2037695928,Okay thank you,10,LOW
msg_-1001474058642_481732,2026-07-24T09:53:52+00:00,7811752003,uni gives upto 10 marks grace,10,LOW
msg_-1001474058642_481731,2026-07-24T09:53:06+00:00,2037695928,Are you sure??,10,LOW
msg_-1001474058642_481730,2026-07-24T09:51:40+00:00,1936626231,no,10,LOW
msg_-1001474058642_481729,2026-07-24T09:51:10+00:00,2037695928,If all the subjects are clear and there is only one subject left with some marks does the university give grace marks?,10,LOW
msg_-1001474058642_481728,2026-07-24T09:50:57+00:00,2037695928,If all the subjects are clear and there is only one subject left with some marks does the university give grace marks?,10,LOW
msg_-1001474058642_481724,2026-07-24T09:26:15+00:00,5914393037,Sppu won’t delay unnecessarily,10,LOW
msg_-1001474058642_481723,2026-07-24T09:25:42+00:00,5914393037,"Something is wrong , or there is 100% a issue",10,LOW
msg_-1001474058642_481722,2026-07-24T09:24:03+00:00,5696887110,sppu not in mood to announce result,10,LOW
msg_-1001474058642_481721,2026-07-24T09:19:33+00:00,1350643814,😭😭,10,LOW
msg_-1001474058642_481720,2026-07-24T09:19:10+00:00,7811752003,T.E.(2019 Credit Pattern) no results today.,10,LOW
msg_-1001474058642_481718,2026-07-24T09:16:34+00:00,1350643814,God knows,10,LOW
msg_-1001474058642_481716,2026-07-24T09:06:43+00:00,7487813634,TE Result kab hai  Any update,10,LOW
msg_-1001474058642_481712,2026-07-24T07:01:12+00:00,7276393517,Satellite communication notes,10,LOW
msg_-1001474058642_481922,2026-07-25T10:02:40+00:00,7811752003,Photocopy Link For BE 2019 Pattern Will Start from SPPU • Application Start Date : 23th July 2026 • Last Date to Apply : 2nd August 2026,10,LOW
msg_-1001474058642_481921,2026-07-25T10:02:27+00:00,7811752003,Photocopy Link For BE 2019 Pattern Will Start from SPPU • Application Start Date : 23th July 2026 • Last Date to Apply : 2nd August 2026,10,LOW
msg_-1001474058642_481920,2026-07-25T09:25:48+00:00,5446190810,"**Hey**, [Rahul](tg://user?id=1419426141) 👋. 𝕎𝕖𝕝𝕔 𝕥𝕠 @𝕊ℙℙ𝕌𝔹𝕋𝔼ℂℍ 🎉🎊    • ᵂᵉ ᵃᵖᵖʳᵉᶜⁱᵃᵗᵉ ʸᵒᵘʳ ᶜᵒⁿᵗʳⁱᵇᵘᵗⁱᵒⁿ ᶠᵒʳ ˢᵗᵘᵈʸ ᵐᵃᵗᵉʳⁱᵃˡˢ ❤️   • [ꜱɪʟᴇɴᴛ ɪɴᴠɪᴛᴇ ꜰᴇᴀᴛᴜʀᴇ](https://t.me/SPPUBTECH/1/126912) 🤫",10,LOW
msg_-1001474058642_481917,2026-07-25T08:49:04+00:00,913866550,Photocopy start kdhi honar ahe,10,LOW
msg_-1001474058642_481916,2026-07-25T08:18:56+00:00,1350643814,Hi,10,LOW
msg_-1001474058642_481912,2026-07-25T07:24:12+00:00,2065274634,Bhaii vo loag Saturday Sunday ko bhi exam lety hai 🙂,10,LOW
msg_-1001474058642_481907,2026-07-25T06:47:16+00:00,1628844812,ataa ha bro,10,LOW
msg_-1001474058642_481906,2026-07-25T06:44:04+00:00,1628844812,be project avilable,10,LOW
msg_-1001474058642_481904,2026-07-25T06:41:13+00:00,5914393037,Sat sund ko nahi ayega bro,10,LOW
msg_-1001474058642_481903,2026-07-25T06:40:59+00:00,7762136470,Hope it's come,10,LOW
msg_-1001474058642_481902,2026-07-25T06:40:45+00:00,5914393037,"This is not prediction this is spoiler  ""udya yeli 100% te2019""",10,LOW
msg_-1001474058642_481901,2026-07-25T06:17:54+00:00,1875043602,Te2019 result ?,10,LOW
msg_-1001474058642_481900,2026-07-25T05:52:23+00:00,609517172,**All Previous Year Question Papers** ⏭ https://t.me/PuneEngineers/492,10,LOW
msg_-1001474058642_481899,2026-07-25T05:52:22+00:00,6724586646,Pyq,10,LOW
msg_-1001474058642_481896,2026-07-25T05:37:24+00:00,8280600858,BE 2019 pattern result ka issue solve hua kisika?,10,LOW
msg_-1001474058642_481895,2026-07-25T05:22:37+00:00,8223161856,Anyone 3rd 2024 pattern syllabus pdf aahe ka,10,LOW
msg_-1001474058642_481893,2026-07-25T04:21:20+00:00,5975195645,Embedded processors insem papers,10,LOW
msg_-1001474058642_481885,2026-07-24T20:26:22+00:00,609517172,"User [Kt](tg://user?id=5693873423) has 1/3 warnings; be careful! **Reason:** check rules, don't do it again!",10,LOW
msg_-1001474058642_481880,2026-07-24T15:57:31+00:00,7755632681,Give mi gate study material,10,LOW
msg_-1001474058642_481878,2026-07-24T15:08:40+00:00,1875043602,ATA direct next sem la yeli vatt result 😂,10,LOW
msg_-1001474058642_481877,2026-07-24T15:08:08+00:00,1350643814,😂😂,10,LOW
msg_-1001474058642_481876,2026-07-24T15:07:44+00:00,1875043602,Bhai Udya kdhi yeto ka 😂,10,LOW
msg_-1001474058642_481874,2026-07-24T14:48:43+00:00,1350643814,Aur teri prediction,10,LOW
msg_-1001474058642_481873,2026-07-24T14:48:34+00:00,1350643814,Kidar h bhai tu,10,LOW
msg_-1001474058642_481856,2026-07-24T14:02:14+00:00,6058083324,Nhi ala na,10,LOW
msg_-1001474058642_481830,2026-07-24T13:24:52+00:00,1350643814,30 tak aayega,10,LOW
msg_-1001474058642_481826,2026-07-24T13:20:44+00:00,5696887110,kal lag sakta result?,10,LOW
msg_-1001474058642_481809,2026-07-24T12:58:15+00:00,User_-1001474058642,It was never meant to be a scholarship,10,LOW
msg_-1001474058642_481805,2026-07-24T12:53:11+00:00,5744293864,"Give unit wise notes of Os,ds,digital marketing, deld,uhv",10,LOW
msg_-1001474058642_481792,2026-07-24T12:33:39+00:00,1496087428,"""नमस्कार मित्रांनो, ​शासनाने 'Against CAP' अंतर्गत प्रवेश घेतलेल्या महाराष्ट्रातील सर्व विद्यार्थ्यांची स्कॉलरशिप रद्द केली आहे. हा आपल्या भविष्यावरील मोठा अन्याय आहे. ​याविरोधात आपल्याला हेड ऑफिसपर्यंत आवाज पोहोचवायचा आहे आणि निवेदन द्यायचे आहे. आपल्या हक्काच्या स्कॉलरशिपसाठी सर्वांनी एकत्र येण्याची हीच वेळ आहे. ​खालील इन्स्टाग्राम रील/व्हिडिओ बघून नक्की शेअर करा आणि आंदोलनात सहभागी व्हा: ज्यांचे ॲडमिशन Against CAP मधून झाले आहे, त्यांनी त्वरित हा ग्रुप जॉईन करा!""",10,LOW
msg_-1001474058642_481750,2026-07-24T11:27:21+00:00,7811752003,Updated_TE_Instrumentation_2024 Course Syllabus_24072026.pdf,10,LOW
msg_-1001474058642_481740,2026-07-24T10:53:23+00:00,8546083901,"नमस्कार मित्रांनो, ​SPPU मधील अगेन्स्ट कॅप स्कॉलरशिप रद्द झाल्यामुळे, हेड ऑफिसला अर्ज देऊन आपल्याला विरोध करायचा आहे. ​फक्त अगेन्स्ट कॅपचे विद्यार्थीच ग्रुपमध्ये जॉईन व्हा. ​पुढील आंदोलनाची दिशा ठरवण्यासाठी सर्वांनी एकत्र या!",10,LOW
msg_-1001474058642_481738,2026-07-24T10:19:08+00:00,1350643814,Bhai ab tu maaze le rha h😂😂😂😂,10,LOW
msg_-1001474058642_481737,2026-07-24T10:13:40+00:00,7811752003,😐,10,LOW
msg_-1001474058642_481735,2026-07-24T10:13:28+00:00,7811752003,Result lag gaya but SY BCOM ka.,10,LOW
msg_-1001474058642_481733,2026-07-24T09:54:15+00:00,2037695928,Okay thank you,10,LOW
msg_-1001474058642_481732,2026-07-24T09:53:52+00:00,7811752003,uni gives upto 10 marks grace,10,LOW
msg_-1001474058642_481731,2026-07-24T09:53:06+00:00,2037695928,Are you sure??,10,LOW
msg_-1001474058642_481730,2026-07-24T09:51:40+00:00,1936626231,no,10,LOW
msg_-1001474058642_481729,2026-07-24T09:51:10+00:00,2037695928,If all the subjects are clear and there is only one subject left with some marks does the university give grace marks?,10,LOW
msg_-1001474058642_481728,2026-07-24T09:50:57+00:00,2037695928,If all the subjects are clear and there is only one subject left with some marks does the university give grace marks?,10,LOW
msg_-1001474058642_481724,2026-07-24T09:26:15+00:00,5914393037,Sppu won’t delay unnecessarily,10,LOW
msg_-1001474058642_481723,2026-07-24T09:25:42+00:00,5914393037,"Something is wrong , or there is 100% a issue",10,LOW
msg_-1001474058642_481722,2026-07-24T09:24:03+00:00,5696887110,sppu not in mood to announce result,10,LOW
msg_-1001474058642_481721,2026-07-24T09:19:33+00:00,1350643814,😭😭,10,LOW
msg_-1001474058642_481720,2026-07-24T09:19:10+00:00,7811752003,T.E.(2019 Credit Pattern) no results today.,10,LOW
msg_-1001474058642_481718,2026-07-24T09:16:34+00:00,1350643814,God knows,10,LOW
msg_-1001474058642_481716,2026-07-24T09:06:43+00:00,7487813634,TE Result kab hai  Any update,10,LOW
msg_-1001474058642_481712,2026-07-24T07:01:12+00:00,7276393517,Satellite communication notes,10,LOW
msg_-1001474058642_481926,2026-07-25T10:37:41+00:00,5446190810,"**Hey**, [Shivam](tg://user?id=8477182207) 👋. 𝕎𝕖𝕝𝕔 𝕥𝕠 @𝕊ℙℙ𝕌𝔹𝕋𝔼ℂℍ 🎉🎊    • ᵂᵉ ᵃᵖᵖʳᵉᶜⁱᵃᵗᵉ ʸᵒᵘʳ ᶜᵒⁿᵗʳⁱᵇᵘᵗⁱᵒⁿ ᶠᵒʳ ˢᵗᵘᵈʸ ᵐᵃᵗᵉʳⁱᵃˡˢ ❤️   • [ꜱɪʟᴇɴᴛ ɪɴᴠɪᴛᴇ ꜰᴇᴀᴛᴜʀᴇ](https://t.me/SPPUBTECH/1/126912) 🤫",10,LOW
msg_-1001474058642_481925,2026-07-25T10:33:46+00:00,8250929675,🥲,10,LOW
msg_-1001474058642_481924,2026-07-25T10:33:36+00:00,7811752003,Maybe next week?,10,LOW
msg_-1001474058642_481923,2026-07-25T10:33:16+00:00,8250929675,Kab lagega ??,10,LOW
msg_-1001474058642_481711,2026-07-24T06:49:14+00:00,1281270120,Can anyone help?,10,LOW
msg_-1001474058642_481710,2026-07-24T06:49:03+00:00,1281270120,"Sem 7 Insem notes, micro  MIOT & Deep learning",10,LOW
msg_-1001474058642_481709,2026-07-24T06:16:53+00:00,7811752003,no?,10,LOW
msg_-1001474058642_481708,2026-07-24T06:16:34+00:00,1350643814,Bhai result bata de aaj aayega TE 2019 ka?,10,LOW
msg_-1001474058642_481704,2026-07-24T06:01:34+00:00,7811752003,"SPPU Ledger Copy Information  Definition of a Ledger Copy A Ledger Copy is an official master result sheet issued by Savitribai Phule Pune University (SPPU). It contains detailed academic information, including: • Course Codes • Subject-wise Marks and Grades • In-Sem Examination (ISE) Marks • End-Sem Examination (ESE) Marks • Term Work (TW) Marks • Practical and Oral Marks (where applicable) • Credit Points • SGPA and CGPA for current 8th-semester students • Overall Academic Performance  Key Details Master Compilation A Ledger Copy contains the complete result data for an entire class, division, or college. It is not limited to a single student's result.  Official Access These ledgers are primarily designated for College Examination Sections and other authorized university officials. The complete ledger is generally restricted and is not issued to individual students.  Purpose Colleges utilize the Ledger Copy for: • Result Analysis • Credit Verification • Pass and Fail Statistics • Academic Record Verification  Can Students View Their Ledger Entry? Yes. A student may request their Examination Coordinator (Exam Section) to view their individual ledger entry. This is generally permitted solely for verification purposes and is subject to the college's discretion.  Students may verify the following details: • In-Sem (ISE) Marks • End-Sem (ESE) Marks • Term Work (TW) Marks • Practical and Oral Marks • Subject Grades • Credit Points • SGPA and other academic details  Important Notice Viewing is typically permitted only in the presence of Exam Section staff. The creation of photographs, videos, or copies of the Ledger is generally prohibited.  Additional Note A Ledger Copy is an institutional document intended for official academic and administrative purposes. Students are generally provided with their own individual result documents rather than the complete class ledger. However, they may request to view their own ledger entry through the college Exam Section for verification, subject to college regulations.",10,LOW
msg_-1001474058642_481699,2026-07-24T05:24:49+00:00,8266453437,Fe 2019 result ?,10,LOW
msg_-1001474058642_481689,2026-07-24T04:05:41+00:00,6044218036,VLSI,10,LOW
msg_-1001474058642_481688,2026-07-24T03:49:14+00:00,1350643814,😂😂😂😂,10,LOW
msg_-1001474058642_481687,2026-07-24T03:48:44+00:00,1338639031,"😅. Bhai wo bajirao Mastani mein dialogue hai n  चीते की चाल, बाज़ की नज़र और बाजीराव की तलवार पर संदेह नहीं करते। कभी भी मात दे सकती है!    Lekin yaha vice versa hai university kabhi bhi dhokha de skte hai",10,LOW
msg_-1001474058642_481685,2026-07-24T03:08:42+00:00,1628844812,Hardware + Software for Final Year Project DMs,10,LOW
msg_-1001474058642_481682,2026-07-24T02:44:29+00:00,1350643814,Te result today?,10,LOW
msg_-1001474058642_481680,2026-07-24T01:51:34+00:00,1350643814,😂😂,10,LOW
msg_-1001474058642_481669,2026-07-23T18:13:58+00:00,1338639031,Ok but kuch din age pichhe honge,10,LOW
msg_-1001474058642_481668,2026-07-23T18:12:54+00:00,1338639031,Website pr data jo upload krta hai uski gf dusre ladke ke sath bhag gayi isliye wo abhi dukhi hai so delay ho gya,10,LOW
msg_-1001474058642_481667,2026-07-23T18:12:26+00:00,7811752003,.,10,LOW
msg_-1001474058642_481666,2026-07-23T18:12:01+00:00,7811752003,"It's tentative, not real.",10,LOW
msg_-1001474058642_481664,2026-07-23T18:10:16+00:00,7811752003,Reference from another group.,10,LOW
msg_-1001474058642_481663,2026-07-23T18:08:18+00:00,5772690664,Why ?,10,LOW
msg_-1001474058642_481662,2026-07-23T17:54:28+00:00,8250929675,TE result?,10,LOW
msg_-1001474058642_481661,2026-07-23T17:21:30+00:00,8675876371,FE cha kevha lagel result ?,10,LOW
msg_-1001474058642_481651,2026-07-23T16:40:50+00:00,8161060646,So ja,10,LOW
msg_-1001474058642_481650,2026-07-23T16:09:07+00:00,1350643814,File from Sanil,10,LOW
msg_-1001474058642_481647,2026-07-23T15:21:27+00:00,1875043602,"This is not prediction this is spoiler  ""udya yeli 100% te2019""",10,LOW
msg_-1001474058642_481646,2026-07-23T15:09:17+00:00,7811752003,Other group.,10,LOW
msg_-1001474058642_481645,2026-07-23T15:07:40+00:00,8249297279,Who tell you,10,LOW
msg_-1001474058642_481644,2026-07-23T15:05:07+00:00,1350643814,First engineering 2024 karke search kar mil jayega,10,LOW
msg_-1001474058642_481641,2026-07-23T15:01:04+00:00,1565016234,Kaskay,10,LOW
msg_-1001474058642_481640,2026-07-23T14:59:09+00:00,1875043602,udya yeli 100% te2019,10,LOW
msg_-1001474058642_481637,2026-07-23T14:58:25+00:00,1875043602,"This is not prediction this is spoiler  ""udya yeli 100% te2019""",10,LOW
msg_-1001474058642_481633,2026-07-23T14:43:38+00:00,1350643814,Bhai TE ka reason kya h delay ka?,10,LOW
msg_-1001474058642_481632,2026-07-23T14:42:54+00:00,7811752003,Just now checked MBA results are announced.,10,LOW
msg_-1001474058642_481631,2026-07-23T14:42:54+00:00,1350643814,😭😭,10,LOW
msg_-1001474058642_481630,2026-07-23T14:42:37+00:00,7811752003,because now MBA results are being declared so will take time.,10,LOW
msg_-1001474058642_481629,2026-07-23T14:40:59+00:00,1350643814,Bhai koi acchi news bhi da diya karo😭😭😭😭😭,10,LOW
msg_-1001474058642_481628,2026-07-23T14:40:58+00:00,7811752003,"NO TE RESULT TODAY OR TOMORROW, ITS NEXT WEEK.",10,LOW
msg_-1001474058642_481627,2026-07-23T14:40:56+00:00,7811752003,"NO TE RESULT TODAY OR TOMORROW, ITS NEXT WEEK.",10,LOW
msg_-1001474058642_481626,2026-07-23T14:40:54+00:00,7811752003,"NO TE RESULT TODAY OR TOMORROW, ITS NEXT WEEK.",10,LOW
msg_-1001474058642_481625,2026-07-23T14:40:52+00:00,7811752003,"NO TE RESULT TODAY OR TOMORROW, ITS NEXT WEEK.",10,LOW
msg_-1001474058642_481624,2026-07-23T14:40:50+00:00,7811752003,"NO TE RESULT TODAY OR TOMORROW, ITS NEXT WEEK.",10,LOW
msg_-1001474058642_481623,2026-07-23T14:40:48+00:00,7811752003,"NO TE RESULT TODAY OR TOMORROW, ITS NEXT WEEK.",10,LOW
msg_-1001474058642_481622,2026-07-23T14:40:46+00:00,7811752003,"NO TE RESULT TODAY OR TOMORROW, ITS NEXT WEEK.",10,LOW
msg_-1001474058642_481621,2026-07-23T14:40:44+00:00,7811752003,"NO TE RESULT TODAY OR TOMORROW, ITS NEXT WEEK.",10,LOW
msg_-1001474058642_481620,2026-07-23T14:40:40+00:00,7811752003,"NO TE RESULT TODAY OR TOMORROW, ITS NEXT WEEK.",10,LOW
msg_-1001474058642_481619,2026-07-23T14:36:28+00:00,8784743638,Sy,10,LOW
msg_-1001474058642_481618,2026-07-23T14:31:55+00:00,1565016234,Advance rtl simulation notes ahetka,10,LOW
msg_-1001474058642_481617,2026-07-23T14:22:27+00:00,8784743638,Embedded system notes,10,LOW
msg_-1001474058642_481615,2026-07-23T14:04:18+00:00,7381462860,BE aids all subjects notes or decodes,10,LOW
msg_-1001474058642_481614,2026-07-23T14:01:33+00:00,7811752003,📢 *SPPU B.E. In-Sem Examination Update*  ━━━━━━━━━━━━━━━━━━━━  📝 *Tentative In-Sem Exam Schedule*  The *In-Sem (ISE)* examinations are *expected* to be conducted between *20th and 30th of August*.  ⚠️ *Please Note:* • This is only a *tentative* schedule. • The *official timetable* has *not been released yet*. • The exact exam dates may change based on the University/College notification.  📌 Students are advised to: ✅ Continue preparing regularly. ✅ Keep checking official notices from your College/SPPU. ✅ Do not rely on unofficial rumours or forwarded messages.  ━━━━━━━━━━━━━━━━━━━━  ℹ️ *This is only an expected timeline and not an official announcement.*,10,LOW
msg_-1001474058642_481612,2026-07-23T13:55:39+00:00,7811752003,📢 *SPPU B.E. In-Sem Examination Update*  ━━━━━━━━━━━━━━━━━━━━  📝 *Tentative In-Sem Exam Schedule*  The *In-Sem (ISE)* examinations are *expected* to be conducted between *20th and 30th of August*.  ⚠️ *Please Note:* • This is only a *tentative* schedule. • The *official timetable* has *not been released yet*. • The exact exam dates may change based on the University/College notification.  📌 Students are advised to: ✅ Continue preparing regularly. ✅ Keep checking official notices from your College/SPPU. ✅ Do not rely on unofficial rumours or forwarded messages.  ━━━━━━━━━━━━━━━━━━━━  ℹ️ *This is only an expected timeline and not an official announcement.*,10,LOW
msg_-1001474058642_481611,2026-07-23T13:40:34+00:00,7945931771,insem related,10,LOW
msg_-1001474058642_481610,2026-07-23T13:39:43+00:00,609517172,**All Previous Year Question Papers** ⏭ https://t.me/PuneEngineers/492,10,LOW
msg_-1001474058642_481609,2026-07-23T13:39:42+00:00,7945931771,comp BE previous year paper drive link ho toh bhejo,10,LOW
msg_-1001474058642_481605,2026-07-23T13:02:34+00:00,6167222599,Please send,10,LOW
msg_-1001474058642_481604,2026-07-23T12:41:24+00:00,1961176873,😂,10,LOW
msg_-1001474058642_481603,2026-07-23T12:27:14+00:00,5914393037,"Nobody can tell anything bro , sppu is not working as per schedule",10,LOW
msg_-1001474058642_481602,2026-07-23T12:03:33+00:00,6049089091,If anyone knows plz tell,10,LOW
msg_-1001474058642_481601,2026-07-23T12:01:44+00:00,6049089091,FE 2019 result date ?,10,LOW
msg_-1001474058642_481599,2026-07-23T11:48:36+00:00,5914393037,✅ *Photocopy Link For BE 2019 Pattern Will Start from SPPU*  • Application Start Date : 23th July 2026  • Last Date to Apply : 2nd August 2026,10,LOW
msg_-1001474058642_481587,2026-07-23T11:02:01+00:00,6610605183,Result date,10,LOW
msg_-1001474058642_481573,2026-07-23T10:55:42+00:00,7008712471,Wo toh ek din me 3 result bhi laga denge,10,LOW
msg_-1001474058642_481571,2026-07-23T10:55:31+00:00,7008712471,Bro sppu hai bharosa nhi,10,LOW
msg_-1001474058642_481570,2026-07-23T10:55:05+00:00,5914393037,Delete hota to 7:30 ka umeed hai,10,LOW
msg_-1001474058642_481569,2026-07-23T10:54:49+00:00,7008712471,Mostly 7:30 ko lagta hai,10,LOW
msg_-1001474058642_481568,2026-07-23T10:54:42+00:00,7008712471,But abhi bhi 3 hours hai,10,LOW
msg_-1001474058642_481567,2026-07-23T10:54:36+00:00,7008712471,Ha shayad kal ya next week aayega,10,LOW
msg_-1001474058642_481566,2026-07-23T10:54:24+00:00,5161291498,Are Bhai t.e summer ka result ajj Nahi lagega,10,LOW
msg_-1001474058642_481565,2026-07-23T10:47:36+00:00,5914393037,"Backlog ka scene hai kya,",10,LOW
msg_-1001474058642_481564,2026-07-23T10:47:25+00:00,5914393037,Kya scene hai,10,LOW
msg_-1001474058642_481563,2026-07-23T10:47:10+00:00,5914393037,College me sab ho jayega apne aap,10,LOW
msg_-1001474058642_481562,2026-07-23T10:46:55+00:00,5914393037,Kuch nahi kro,10,LOW
msg_-1001474058642_481559,2026-07-23T10:43:44+00:00,5161291498,Old Link is not delete,10,LOW
msg_-1001474058642_481558,2026-07-23T10:43:21+00:00,5161291498,Aaj pan Nahi lagnar result t.e cha,10,LOW
msg_-1001474058642_481554,2026-07-23T09:59:41+00:00,8580553418,Kaa,10,LOW
msg_-1001474058642_481553,2026-07-23T09:56:46+00:00,7784141495,Hello seniors I am a prefirst year engineering student i want to what mistakes to avoid and how to excel in each subject also daily routine kya hona chahiye skills college ke sath sath kese develop kare mere paas abhi ek mahina hai mujhe in ek mahine mein konse subject kitne level tak karlene chahiye,10,LOW
msg_-1001474058642_481552,2026-07-23T09:54:19+00:00,7920248890,.l,10,LOW
msg_-1001474058642_481550,2026-07-23T09:37:52+00:00,6364229012,Does anyone have codechef pro subscription?,10,LOW
msg_-1001474058642_481549,2026-07-23T09:37:26+00:00,609517172,"User [S](tg://user?id=6364229012) has 2/3 warnings; be careful! **Reason:** check rules, don't do it again!",10,LOW
msg_-1001474058642_481547,2026-07-23T09:36:59+00:00,6364229012,Does anyone have the codechef pro subscription,10,LOW
msg_-1001474058642_481546,2026-07-23T09:03:45+00:00,609517172,"User [S](tg://user?id=6364229012) has 1/3 warnings; be careful! **Reason:** check rules, don't do it again!",10,LOW
msg_-1001474058642_481543,2026-07-23T08:51:57+00:00,6247006045,Result?,10,LOW
msg_-1001474058642_481542,2026-07-23T08:49:34+00:00,7811752003,No news.,10,LOW
msg_-1001474058642_481541,2026-07-23T08:43:23+00:00,5914393037,Lag to nahi raha,10,LOW
msg_-1001474058642_481539,2026-07-23T08:33:48+00:00,7811752003,Almost yes.,10,LOW
msg_-1001474058642_481538,2026-07-23T08:32:59+00:00,6485404976,Te2019 result? Today ?,10,LOW
msg_-1001474058642_481537,2026-07-23T08:32:34+00:00,5418498859,Result te,10,LOW
msg_-1001474058642_481536,2026-07-23T08:32:26+00:00,5418498859,Ajj pn nhi lagt,10,LOW
msg_-1001474058642_481535,2026-07-23T08:30:41+00:00,6607751818,Haa,10,LOW
msg_-1001474058642_481534,2026-07-23T08:26:59+00:00,1838849504,Carry on aata band zhale ahe ka?,10,LOW
msg_-1001474058642_481533,2026-07-23T08:18:16+00:00,1923594703,Nahi bhai tum bhi mt batana,10,LOW
msg_-1001474058642_481532,2026-07-23T08:12:48+00:00,6607751818,Ha bhai kisi ko maat bata yeh scheme,10,LOW
msg_-1001474058642_481530,2026-07-23T08:08:31+00:00,1923594703,I mean in 8th sem we will be getting combined results,10,LOW
msg_-1001474058642_481528,2026-07-23T08:06:19+00:00,1923594703,Next sem bro,10,LOW
msg_-1001474058642_481526,2026-07-23T07:35:41+00:00,1897493892,Se aids Branch 2024 pattern notes,10,LOW
msg_-1001474058642_481518,2026-07-23T05:57:27+00:00,8280600858,Nope. I have been trying since the day result was out,10,LOW
msg_-1001474058642_481516,2026-07-23T05:38:41+00:00,1423926395,TE result date?,10,LOW
msg_-1001474058642_481515,2026-07-23T05:36:13+00:00,609517172,User [Anonymous](tg://user?id=7936005485) has 1/3 warnings; be careful! **Reason:** Check Rules If you don't want to Get Ban,10,LOW
msg_-1001474058642_481511,2026-07-23T05:12:31+00:00,6049089091,FE 2019 ka result kab hai ?,10,LOW
msg_-1001474058642_481510,2026-07-23T05:05:38+00:00,8161060646,You have fail 🤣🤣,10,LOW
msg_-1001474058642_481509,2026-07-23T05:03:48+00:00,8533926932,yes but results not showing,10,LOW
msg_-1001474058642_481508,2026-07-23T05:03:25+00:00,6399915753,Fe 2019 result date?,10,LOW
msg_-1001474058642_481507,2026-07-23T05:02:34+00:00,5191012033,It's already out,10,LOW
msg_-1001474058642_481505,2026-07-23T04:59:17+00:00,1350643814,Aaj result aane ki possibility h TE 2019?,10,LOW
msg_-1001474058642_481501,2026-07-23T03:39:38+00:00,8533926932,result not in laser copy,10,LOW
msg_-1001474058642_481500,2026-07-23T03:38:53+00:00,8533926932,"Same here, what is the problem?  any idea",10,LOW
msg_-1001474058642_481499,2026-07-23T03:37:38+00:00,8533926932,BE 2019 result not showing till date Why????   any idea,10,LOW
msg_-1001474058642_481498,2026-07-23T03:34:19+00:00,6610605183,𝙎𝙀 2024 𝙥𝙖𝙩𝙩𝙚𝙧𝙣 𝙗𝙧𝙤,10,LOW
msg_-1001474058642_481497,2026-07-23T02:53:49+00:00,1875043602,Te2019 result? Today ?,10,LOW
msg_-1001474058642_481496,2026-07-23T02:53:41+00:00,1875043602,Te2019 result? Today ?,10,LOW
msg_-1001474058642_481494,2026-07-23T02:24:38+00:00,1350643814,Bhai aaj aayega result TE ka?,10,LOW
msg_-1001474058642_481474,2026-07-22T18:29:51+00:00,7811752003,ok,10,LOW
msg_-1001474058642_481473,2026-07-22T18:29:27+00:00,7734576051,Everything is fake,10,LOW
msg_-1001474058642_481471,2026-07-22T18:29:14+00:00,7811752003,then when?,10,LOW
msg_-1001474058642_481470,2026-07-22T18:29:03+00:00,7811752003,?,10,LOW
msg_-1001474058642_481469,2026-07-22T18:28:41+00:00,7734576051,Please don't give updates,10,LOW
msg_-1001474058642_481466,2026-07-22T18:07:23+00:00,7811752003,FIRST YEAR ENGINEERING((2025 Pattern (NEP 2020))) Winter Session 2025 also not deleted!,10,LOW
msg_-1001474058642_481465,2026-07-22T18:07:06+00:00,7811752003,FIRST YEAR ENGINEERING((2024 Pattern (NEP 2020))) Winter Session 2025 not deleted!,10,LOW
msg_-1001474058642_481463,2026-07-22T17:52:22+00:00,7555685418,pyq,10,LOW
msg_-1001474058642_481462,2026-07-22T17:43:41+00:00,6624601591,Final year topic,10,LOW
msg_-1001474058642_481461,2026-07-22T17:43:18+00:00,6624601591,Final year topic ahe ka kona kade,10,LOW
msg_-1001474058642_481460,2026-07-22T17:35:03+00:00,7811752003,Maybe this week or soon (Tomorrow).,10,LOW
msg_-1001474058642_481458,2026-07-22T17:31:21+00:00,5914393037,Tumhare sources ke hisab se kab ayega bhai,10,LOW
msg_-1001474058642_481453,2026-07-22T17:26:28+00:00,1807308018,Yes,10,LOW
msg_-1001474058642_481451,2026-07-22T17:03:48+00:00,5418498859,???,10,LOW
msg_-1001474058642_481445,2026-07-22T16:20:20+00:00,1435510949,Does anyone have Second year sppu 2024 pattern de and ec unit 1 notes,10,LOW
msg_-1001474058642_481444,2026-07-22T16:06:43+00:00,8161060646,😭,10,LOW
msg_-1001474058642_481443,2026-07-22T15:29:48+00:00,6742319202,Eh Don't speak wrong info Nearly got a heatatt....,10,LOW
msg_-1001474058642_481442,2026-07-22T14:59:34+00:00,1961176873,?,10,LOW
msg_-1001474058642_481433,2026-07-22T14:39:54+00:00,8609668501,Idgaf nigga🤘,10,LOW
msg_-1001474058642_481432,2026-07-22T14:35:56+00:00,1361562765,🤣🤣,10,LOW
msg_-1001474058642_481430,2026-07-22T14:09:28+00:00,5088981676,Teri ma ka 9 mahine bad ka result declared ho gaya kya,10,LOW
msg_-1001474058642_481429,2026-07-22T14:06:57+00:00,6197323811,T.E Result Declared,10,LOW
msg_-1001474058642_481428,2026-07-22T13:47:29+00:00,8737377238,IDFC       ~ regards SPPU,10,LOW
msg_-1001474058642_481426,2026-07-22T13:04:13+00:00,8609668501,Stfu,10,LOW
msg_-1001474058642_481425,2026-07-22T12:38:34+00:00,8535307733,👍🏽👍🏽,10,LOW
msg_-1001474058642_481424,2026-07-22T12:37:31+00:00,1148773884,Bol bhai,10,LOW
msg_-1001474058642_481423,2026-07-22T12:15:14+00:00,1148773884,Chill bro kaltak aajayega result,10,LOW
msg_-1001474058642_481422,2026-07-22T12:13:55+00:00,7811752003,Other groups.,10,LOW
msg_-1001474058642_481420,2026-07-22T12:10:48+00:00,8535307733,What is ur source? Who told u this btw,10,LOW
msg_-1001474058642_481415,2026-07-22T10:14:59+00:00,5519333989,ceo lmao,10,LOW
msg_-1001474058642_481414,2026-07-22T09:58:56+00:00,1350643814,😂,10,LOW
msg_-1001474058642_481413,2026-07-22T09:58:40+00:00,1350643814,BJP follower h bhai 😂😂,10,LOW
msg_-1001474058642_481412,2026-07-22T09:57:17+00:00,7811752003,🤣😂,10,LOW
msg_-1001474058642_481411,2026-07-22T09:54:33+00:00,8737377238,You are failed          ~ SPPU,10,LOW
msg_-1001474058642_481410,2026-07-22T09:54:10+00:00,8737377238,You are failed          ~ SPPU,10,LOW
msg_-1001474058642_481409,2026-07-22T09:46:15+00:00,1350643814,😂😂😂😂😂😂,10,LOW
msg_-1001474058642_481408,2026-07-22T09:45:30+00:00,1350643814,😂😂😂,10,LOW
msg_-1001474058642_481407,2026-07-22T09:45:28+00:00,1350643814,Bhai check kar de,10,LOW
msg_-1001474058642_481406,2026-07-22T09:44:24+00:00,7811752003,Not declared.,10,LOW
msg_-1001474058642_481405,2026-07-22T09:44:24+00:00,1350643814,Bhai 😂😂,10,LOW
msg_-1001474058642_481404,2026-07-22T09:44:23+00:00,7811752003,Not declared.,10,LOW
msg_-1001474058642_481403,2026-07-22T09:44:21+00:00,7811752003,Not declared.,10,LOW
msg_-1001474058642_481402,2026-07-22T09:44:20+00:00,7811752003,Not declared.,10,LOW
msg_-1001474058642_481401,2026-07-22T09:44:18+00:00,7811752003,Not declared.,10,LOW
msg_-1001474058642_481400,2026-07-22T09:44:14+00:00,7811752003,Not declared.,10,LOW
msg_-1001474058642_481399,2026-07-22T09:44:09+00:00,7811752003,Not declared.,10,LOW
msg_-1001474058642_481389,2026-07-22T09:04:04+00:00,5914393037,Editing me E ke baad wala dot reh gya,10,LOW
msg_-1001474058642_481388,2026-07-22T09:03:17+00:00,5846316318,Notes of computer vision??,10,LOW
msg_-1001474058642_481387,2026-07-22T09:03:16+00:00,5846316318,Notes of computer vision please,10,LOW
msg_-1001474058642_481386,2026-07-22T09:01:02+00:00,8609668501,Fake,10,LOW
msg_-1001474058642_481382,2026-07-22T08:54:07+00:00,7811752003,OLD RESULT IS NOT DELETED! SO WAIT FOR SOME TIME.,10,LOW
msg_-1001474058642_481381,2026-07-22T08:43:27+00:00,7811752003,DONT GIVE FALSE INFO! BECAUSE THERE IS NO RESULT DECLARED!,10,LOW
msg_-1001474058642_481380,2026-07-22T08:42:39+00:00,1618089695,Really?,10,LOW
msg_-1001474058642_481378,2026-07-22T08:41:00+00:00,8609668501,I have early access,10,LOW
msg_-1001474058642_481376,2026-07-22T08:40:35+00:00,5914393037,"Delete hone se pehle hi aagaya , bdahiya hai bhai",10,LOW
msg_-1001474058642_481375,2026-07-22T08:39:50+00:00,6224402022,i cheacked few minutes ago,10,LOW
msg_-1001474058642_481374,2026-07-22T08:39:14+00:00,6224402022,Not yet,10,LOW
msg_-1001474058642_481373,2026-07-22T08:39:10+00:00,5404755675,link?,10,LOW
msg_-1001474058642_481371,2026-07-22T08:38:54+00:00,8609668501,Go check,10,LOW
msg_-1001474058642_481370,2026-07-22T08:38:43+00:00,5404755675,really,10,LOW
msg_-1001474058642_481369,2026-07-22T08:38:24+00:00,8609668501,Result declared T.E,10,LOW
msg_-1001474058642_481368,2026-07-22T08:38:17+00:00,8609668501,Result declared T.E,10,LOW
msg_-1001474058642_481367,2026-07-22T08:38:13+00:00,8609668501,Result declared T.E,10,LOW
msg_-1001474058642_481366,2026-07-22T08:38:09+00:00,8609668501,Result declared T.E,10,LOW
msg_-1001474058642_481365,2026-07-22T08:38:03+00:00,8609668501,Result declared T.E,10,LOW
msg_-1001474058642_481364,2026-07-22T08:37:49+00:00,8609668501,Result declared T.E,10,LOW
msg_-1001474058642_481363,2026-07-22T08:37:41+00:00,8609668501,Result declared T.E,10,LOW
msg_-1001474058642_481362,2026-07-22T08:37:36+00:00,8609668501,Result declared T.E,10,LOW
msg_-1001474058642_481361,2026-07-22T08:37:29+00:00,8609668501,Result declared T.E,10,LOW
msg_-1001474058642_481360,2026-07-22T08:31:25+00:00,1523458725,3 year,10,LOW
msg_-1001474058642_481359,2026-07-22T08:31:25+00:00,1523458725,Guys rechecking che results kadhi lagnar ahe any idea? Nov/Dec,10,LOW
msg_-1001474058642_481358,2026-07-22T08:18:27+00:00,5519333989,🙂,10,LOW
msg_-1001474058642_481357,2026-07-22T08:17:49+00:00,7811752003,There were many groups i have joined so cannot find it now.,10,LOW
msg_-1001474058642_481356,2026-07-22T08:17:13+00:00,5519333989,which is?,10,LOW
msg_-1001474058642_481355,2026-07-22T08:15:02+00:00,7811752003,from other groups,10,LOW
msg_-1001474058642_481354,2026-07-22T08:14:47+00:00,5519333989,from where did you get this update,10,LOW
msg_-1001474058642_481353,2026-07-22T07:56:33+00:00,6607751818,to update new one,10,LOW
msg_-1001474058642_481352,2026-07-22T07:56:25+00:00,6607751818,**it takes 2-3 hours**,10,LOW
msg_-1001474058642_481349,2026-07-22T06:25:47+00:00,1746791777,FE 2019 ?,10,LOW
msg_-1001474058642_481348,2026-07-22T06:11:33+00:00,7811752003,2024 or 2025 PATTERN?,10,LOW
msg_-1001474058642_481345,2026-07-22T06:05:34+00:00,5914393037,It was deleted yesterday only,10,LOW
msg_-1001474058642_481344,2026-07-22T06:03:48+00:00,7811752003,"You're right, but this is the thing which happens.",10,LOW
msg_-1001474058642_481343,2026-07-22T05:59:24+00:00,7549537388,To aj konsa result lagega?,10,LOW
msg_-1001474058642_481342,2026-07-22T05:59:08+00:00,2122471960,"Because of this delay, many opportunities of Internship are missed because companies and some external institutions demand for marksheets",10,LOW
msg_-1001474058642_481341,2026-07-22T05:57:10+00:00,6729791600,F.E 2024 old result deleted!!,10,LOW
msg_-1001474058642_481340,2026-07-22T05:57:03+00:00,6729791600,F.E 2024 old result deleted!!,10,LOW
msg_-1001474058642_481339,2026-07-22T05:56:54+00:00,6729791600,F.E 2024 old result deleted!!,10,LOW
msg_-1001474058642_481338,2026-07-22T05:56:47+00:00,6729791600,F.E 2024 old result deleted!!,10,LOW
msg_-1001474058642_481337,2026-07-22T05:56:37+00:00,6729791600,F.E 2024 old result deleted!!,10,LOW
msg_-1001474058642_481336,2026-07-22T05:56:25+00:00,6729791600,F.E 2024 old result deleted!!,10,LOW
msg_-1001474058642_481334,2026-07-22T05:46:33+00:00,1148773884,Maybe,10,LOW
msg_-1001474058642_481333,2026-07-22T05:46:09+00:00,5696887110,It will get deleted . Although it doesnt take much time to delete old and post new RESULT,10,LOW
msg_-1001474058642_481332,2026-07-22T05:45:26+00:00,1350643814,FE 2019 pattern*,10,LOW
msg_-1001474058642_481331,2026-07-22T05:42:16+00:00,1148773884,About te not sure for today because old result is still on site,10,LOW
msg_-1001474058642_481330,2026-07-22T05:39:39+00:00,5696887110,I think  T.E 2019 and F.E 2024 both wil be declared today only. Remember SPPU has done this in past,10,LOW
msg_-1001474058642_481329,2026-07-22T05:34:56+00:00,7811752003,It was on the other group so.,10,LOW
msg_-1001474058642_481328,2026-07-22T05:33:06+00:00,6611542867,Who told you ?,10,LOW
msg_-1001474058642_481327,2026-07-22T05:32:11+00:00,7811752003,Maybe 2024,10,LOW
msg_-1001474058642_481326,2026-07-22T05:26:07+00:00,1746791777,FE 2019 ?,10,LOW
msg_-1001474058642_481325,2026-07-22T05:13:31+00:00,7811752003,"The T.E. results will not be announced today; instead, the F.E. results will be declared. The results are expected to be announced tentatively tomorrow, though they will be finalized within this week. The university will separately announce the carry on results, as this change has occurred unexpectedly.",10,LOW
msg_-1001474058642_481323,2026-07-22T05:13:21+00:00,7811752003,"The T.E. results will not be announced today; instead, the F.E. results will be declared. The results are expected to be announced tentatively tomorrow, though they will be finalized within this week. The university will separately announce the carry on results, as this change has occurred unexpectedly.",10,LOW
msg_-1001474058642_481322,2026-07-22T05:13:16+00:00,7811752003,"The T.E. results will not be announced today; instead, the F.E. results will be declared. The results are expected to be announced tentatively tomorrow, though they will be finalized within this week. The university will separately announce the carry on results, as this change has occurred unexpectedly.",10,LOW
msg_-1001474058642_481321,2026-07-22T05:13:12+00:00,7811752003,"The T.E. results will not be announced today; instead, the F.E. results will be declared. The results are expected to be announced tentatively tomorrow, though they will be finalized within this week. The university will separately announce the carry on results, as this change has occurred unexpectedly.",10,LOW
msg_-1001474058642_481320,2026-07-22T05:13:09+00:00,7811752003,"The T.E. results will not be announced today; instead, the F.E. results will be declared. The results are expected to be announced tentatively tomorrow, though they will be finalized within this week. The university will separately announce the carry on results, as this change has occurred unexpectedly.",10,LOW
msg_-1001474058642_481319,2026-07-22T05:13:03+00:00,7811752003,"The T.E. results will not be announced today; instead, the F.E. results will be declared. The results are expected to be announced tentatively tomorrow, though they will be finalized within this week. The university will separately announce the carry on results, as this change has occurred unexpectedly.",10,LOW
msg_-1001474058642_481318,2026-07-22T05:12:59+00:00,7811752003,"The T.E. results will not be announced today; instead, the F.E. results will be declared. The results are expected to be announced tentatively tomorrow, though they will be finalized within this week. The university will separately announce the carry on results, as this change has occurred unexpectedly.",10,LOW
msg_-1001474058642_481317,2026-07-22T05:12:54+00:00,7811752003,"The T.E. results will not be announced today; instead, the F.E. results will be declared. The results are expected to be announced tentatively tomorrow, though they will be finalized within this week. The university will separately announce the carry on results, as this change has occurred unexpectedly.",10,LOW
msg_-1001474058642_481316,2026-07-22T05:12:01+00:00,7811752003,"The T.E. results will not be announced today; instead, the F.E. results will be declared. The results are expected to be announced tentatively tomorrow, though they will be finalized within this week. The university will separately announce the carry on results, as this change has occurred unexpectedly.",10,LOW
msg_-1001474058642_481315,2026-07-22T04:55:34+00:00,1148773884,Because old result is still on site,10,LOW
msg_-1001474058642_481314,2026-07-22T04:55:13+00:00,1148773884,Maybe tomorrow,10,LOW
msg_-1001474058642_481313,2026-07-22T04:53:53+00:00,5676242624,SE 2019 result date ?,10,LOW
msg_-1001474058642_481312,2026-07-22T04:48:28+00:00,1875043602,Te2019 result? Today ?,10,LOW
msg_-1001474058642_481311,2026-07-22T04:48:18+00:00,1875043602,Te2019 result? Today ?,10,LOW
msg_-1001474058642_481309,2026-07-22T04:25:18+00:00,1943620481,Dc micro insem,10,LOW
msg_-1001474058642_481307,2026-07-22T04:15:33+00:00,6690882730,Konse college se ho,10,LOW
msg_-1001474058642_481306,2026-07-22T04:09:03+00:00,6247006045,Result today ?,10,LOW
msg_-1001474058642_481305,2026-07-22T04:01:55+00:00,7844602580,Koi b tech it se to dmme,10,LOW
msg_-1001474058642_481235,2026-07-21T18:17:03+00:00,1402726595,"Meet your clg examination section , they have lesser copy of your result",10,LOW
msg_-1001474058642_481198,2026-07-21T17:24:33+00:00,7811752003,Yes probably or this week for sure!,10,LOW
msg_-1001474058642_481117,2026-07-21T16:19:36+00:00,6383037925,"SE 2024 pattern results will be declared around 3 aug to 7 aug   ⚠️ All the above dates are tentative, and the results may be delayed or advanced by 2–4 days.",10,LOW
msg_-1001474058642_481050,2026-07-21T15:25:56+00:00,5744293864,Second year AI question paper 2024 pattern,10,LOW
msg_-1001474058642_481017,2026-07-21T14:17:30+00:00,6485404976,"DAA, STQA, OOMD, ML, BT softcopy technical publications?",10,LOW
msg_-1001474058642_481013,2026-07-21T14:04:04+00:00,8161060646,2036,10,LOW
msg_-1001474058642_481012,2026-07-21T14:03:46+00:00,6922704974,Kadhi,10,LOW
msg_-1001474058642_481010,2026-07-21T14:03:03+00:00,8161060646,2036,10,LOW
msg_-1001474058642_481009,2026-07-21T14:00:48+00:00,6922704974,Se cha kadhi yeil mg result,10,LOW
msg_-1001474058642_481007,2026-07-21T13:58:56+00:00,7615818834,Anyone who can tell about govt jobs,10,LOW
msg_-1001474058642_481003,2026-07-21T13:50:44+00:00,5161291498,Link delete zali Nahi ahe,10,LOW
msg_-1001474058642_481002,2026-07-21T13:47:06+00:00,5482585649,Carry on ke student ka result kab ayegaa,10,LOW
msg_-1001474058642_481001,2026-07-21T13:44:41+00:00,1875043602,Te2019 result? Tommrow ?,10,LOW
msg_-1001474058642_481000,2026-07-21T13:44:27+00:00,1875043602,Te2019 result? Tommrow ?,10,LOW
msg_-1001474058642_480999,2026-07-21T13:42:52+00:00,8246938049,Hii,10,LOW
msg_-1001474058642_480982,2026-07-21T12:12:29+00:00,8983179343,hi,10,LOW
msg_-1001474058642_480970,2026-07-21T11:37:28+00:00,7762136470,Are you sure  ?,10,LOW
msg_-1001474058642_480964,2026-07-21T11:15:23+00:00,6383037925,TE results will declare soon  Tentative dates: 21/07/2026 to 25/07/2026,10,LOW
msg_-1001474058642_480908,2026-07-21T06:33:11+00:00,5914393037,It’s already fixed and displayed,10,LOW
msg_-1001474058642_480907,2026-07-21T06:14:16+00:00,8280600858,What about BE 2019 pattern results? I can't see it even after filling correct details,10,LOW
msg_-1001474058642_480906,2026-07-21T06:06:15+00:00,7811752003,I think you need to ask your college exam co-ordinator,10,LOW
msg_-1001474058642_480905,2026-07-21T06:05:39+00:00,6607751818,Can you give me the list of seat numbers 🙂,10,LOW
msg_-1001474058642_480903,2026-07-21T04:49:02+00:00,7811752003,Tomorrow is probably T.E. result so be ready with your hall tickets (if you have it properly) for the result. If you don't know then ask your own exam friends their seat number to **estimate** your seat number.,10,LOW
msg_-1001474058642_480901,2026-07-21T04:05:05+00:00,8173009386,Anyone have CWH data analysist course,10,LOW
msg_-1001474058642_480886,2026-07-20T17:05:53+00:00,7811752003,T. E. INSEM EXAMINATION (2019 PATTERN) Summer Session-2026 (APRILMAY-2026) For carry on students only.,10,LOW
msg_-1001474058642_480884,2026-07-20T16:58:38+00:00,1281270120,Can anyone help ?,10,LOW
msg_-1001474058642_480883,2026-07-20T16:58:14+00:00,1281270120,"Sem 7 Insem notes, micro  MIOT & Deep learning",10,LOW
msg_-1001474058642_480881,2026-07-20T16:13:43+00:00,6855192631,second year,10,LOW
msg_-1001474058642_480880,2026-07-20T16:13:23+00:00,6855192631,aiml sppu quetion paper 2024 pattern send kara,10,LOW
msg_-1001474058642_480879,2026-07-20T16:12:12+00:00,6855192631,hellow,10,LOW
msg_-1001474058642_480878,2026-07-20T16:07:18+00:00,5550565633,Ahe,10,LOW
msg_-1001474058642_480876,2026-07-20T15:50:42+00:00,7811752003,this is high probability,10,LOW
msg_-1001474058642_480875,2026-07-20T15:50:33+00:00,7811752003,TE 2019 pattern will release at 22,10,LOW
msg_-1001474058642_480874,2026-07-20T15:50:27+00:00,7811752003,so FE SE TE 2019 pattern will be released soon,10,LOW
msg_-1001474058642_480873,2026-07-20T15:50:11+00:00,7811752003,just now got to know that sppu has released ME 2017 pattern results,10,LOW
msg_-1001474058642_480868,2026-07-20T14:47:12+00:00,6690882730,Hi,10,LOW
msg_-1001474058642_480866,2026-07-20T13:53:29+00:00,2065274634,22,10,LOW
msg_-1001474058642_480860,2026-07-20T10:50:04+00:00,6719818368,Is TE 2019 pattern result tomorrow?,10,LOW
msg_-1001474058642_480853,2026-07-20T09:18:49+00:00,5519333989,if anyone needs replit hit me up,10,LOW
msg_-1001474058642_480846,2026-07-20T07:20:05+00:00,547935395,Aee previous papers pdf pls,10,LOW
msg_-1001474058642_480844,2026-07-20T07:18:44+00:00,547935395,Previous papers pdf,10,LOW
msg_-1001474058642_480843,2026-07-20T07:18:32+00:00,547935395,Aee,10,LOW
msg_-1001474058642_480842,2026-07-20T06:47:06+00:00,5777495136,Required minimum 4 month experience Civil Engineering / Supervisor 🏗️  WORK: For RCC contractor   Salary: Based On Interview   Location📍:  Warje Atul Nagar  Contact: 7773914311  Salary :20k -  40k,10,LOW
msg_-1001474058642_480841,2026-07-20T06:45:44+00:00,5914393037,Kuch nahi keh sakte is univ ka,10,LOW
msg_-1001474058642_480840,2026-07-20T06:29:55+00:00,1350643814,No idea,10,LOW
msg_-1001474058642_480839,2026-07-20T06:21:43+00:00,1875043602,Te2019 result? Today?,10,LOW
msg_-1001474058642_480838,2026-07-20T05:52:46+00:00,7554362938,CNS ke practical ya case studies h kisi paas to please share kardo 🙂,10,LOW
msg_-1001474058642_480837,2026-07-20T05:51:51+00:00,7554362938,CNS ke practical ya case studies h kisi paas to please share kardo 🙂,10,LOW
msg_-1001474058642_480836,2026-07-20T05:38:30+00:00,5914393037,Should start today or tomorrow,10,LOW
msg_-1001474058642_480835,2026-07-20T05:36:49+00:00,7311901879,+1,10,LOW
msg_-1001474058642_480834,2026-07-20T05:16:36+00:00,932366677,Carry on chi insem saglyansathi ahe jyani regula mulansobat dili tyana nahiye?,10,LOW
msg_-1001474058642_480833,2026-07-20T05:03:04+00:00,5148314798,When will photocopy application start of BE ?,10,LOW
msg_-1001474058642_480832,2026-07-20T04:12:20+00:00,913866550,Pm kra,10,LOW
msg_-1001474058642_480831,2026-07-20T04:12:00+00:00,913866550,Debatu university ch pharmacy ch koni olkhich ahe ky,10,LOW
msg_-1001474058642_480813,2026-07-19T16:50:29+00:00,6749587451,thankss✨,10,LOW
msg_-1001474058642_480812,2026-07-19T14:49:13+00:00,6742319202,5th aug,10,LOW
msg_-1001474058642_480811,2026-07-19T14:15:40+00:00,6445958074,Can you please send me,10,LOW
msg_-1001474058642_480809,2026-07-19T13:53:39+00:00,6749587451,SPPU FE sem-2 result date??,10,LOW
msg_-1001474058642_480808,2026-07-19T13:50:24+00:00,6445958074,Sub names:- 1.Machine learning  2. Data modeling and visualization  3. Information retrieval  4. Enterprise Architecture and components,10,LOW
msg_-1001474058642_480807,2026-07-19T13:50:22+00:00,6445958074,Anyone have BE aids 7th sem textbook pdf,10,LOW
msg_-1001474058642_480805,2026-07-19T13:22:02+00:00,7935394176,Yes,10,LOW
msg_-1001474058642_480800,2026-07-19T11:04:39+00:00,6440265010,Entc branch,10,LOW
msg_-1001474058642_480799,2026-07-19T11:04:33+00:00,6440265010,First year taking admission through management quota  Which topics are important for math's physics chem,10,LOW
msg_-1001474058642_480798,2026-07-19T11:04:05+00:00,6352308495,hi,10,LOW
msg_-1001474058642_480797,2026-07-19T11:03:55+00:00,6440265010,Hi,10,LOW
msg_-1001474058642_480794,2026-07-19T09:14:42+00:00,1615447342,konachi olakh,10,LOW
msg_-1001474058642_480793,2026-07-19T09:14:32+00:00,1615447342,kon pass karun deil ka ?,10,LOW
msg_-1001474058642_480769,2026-07-19T06:07:20+00:00,8528425537,https://youtu.be/rHF6GNRp4r8?si=UQdlL-zGY64tpZVZ,10,LOW
msg_-1001474058642_480763,2026-07-19T05:13:23+00:00,5903656378,Foundation,10,LOW
msg_-1001474058642_480762,2026-07-19T05:08:08+00:00,1433797643,Which... Subject..,10,LOW
msg_-1001474058642_480761,2026-07-19T05:03:29+00:00,7811752003,22 july only,10,LOW
msg_-1001474058642_480757,2026-07-19T03:17:37+00:00,1433797643,Any one have civil last year project.......,10,LOW
msg_-1001474058642_480755,2026-07-19T02:04:39+00:00,6770812316,Ok,10,LOW
msg_-1001474058642_480754,2026-07-19T01:58:51+00:00,1619568693,SE AIML revised syllabus 2024 pattern,10,LOW
msg_-1001474058642_480736,2026-07-18T16:34:14+00:00,6630077695,Anyone have notes of the following subjects?  1)BCN(Basic computer networks) 2)OOPs 3)DELD(digital electronics and logical design) 4)DSA 5)Open elective- Digital marketing  6) UHV(universal human values) please Send.  Share the notes please,10,LOW
msg_-1001474058642_480735,2026-07-18T15:50:57+00:00,6610605183,Approximately 5 aug,10,LOW
msg_-1001474058642_480732,2026-07-18T15:33:44+00:00,5895071073,FE 2025 result date,10,LOW
msg_-1001474058642_480730,2026-07-18T15:22:08+00:00,1537055730,Hii,10,LOW
msg_-1001474058642_480716,2026-07-18T15:15:27+00:00,1218555210,Kevy aahe aas,10,LOW
msg_-1001474058642_480714,2026-07-18T15:02:57+00:00,2084456824,No,10,LOW
msg_-1001474058642_480712,2026-07-18T14:16:24+00:00,1898471467,TE Open Elective syllabus copy send,10,LOW
msg_-1001474058642_480711,2026-07-18T14:13:42+00:00,5845402775,3 sem engineering all subjects notes and question papers,10,LOW
msg_-1001474058642_480710,2026-07-18T13:18:17+00:00,6729791600,Next week,10,LOW
msg_-1001474058642_480707,2026-07-18T13:02:58+00:00,846742687,aptransco 2026 material.pleazs,10,LOW
msg_-1001474058642_480706,2026-07-18T13:02:44+00:00,846742687,Power systems,10,LOW
msg_-1001474058642_480704,2026-07-18T12:25:09+00:00,6167222599,Anyone have notes of the following subjects?  1)BCN(Basic computer networks) 2)OOPs 3)DELD(digital electronics and logical design) 4)DSA 5)Open elective- Digital marketing  6) UHV(universal human values) please Send.,10,LOW
msg_-1001474058642_480701,2026-07-18T09:51:33+00:00,8260213898,.,10,LOW
msg_-1001474058642_480700,2026-07-18T09:49:32+00:00,5303672177,??,10,LOW
msg_-1001474058642_480699,2026-07-18T09:46:18+00:00,8401103885,Is anyone looking for second hand laptop in pune?,10,LOW
msg_-1001474058642_480698,2026-07-18T09:45:15+00:00,1604568802,Have idea about TE result,10,LOW
msg_-1001474058642_480697,2026-07-18T09:18:42+00:00,6610605183,😅,10,LOW
msg_-1001474058642_480695,2026-07-18T07:39:32+00:00,7311901879,BE ke mark kab show honge,10,LOW
msg_-1001474058642_480693,2026-07-18T07:13:13+00:00,8901758107,Hii,10,LOW
msg_-1001474058642_480688,2026-07-18T06:13:35+00:00,5914393037,Probably monday,10,LOW
msg_-1001474058642_480685,2026-07-18T04:36:11+00:00,7811752003,"Notice: The examination originally scheduled for 7 July 2026 has been rescheduled to 21 July 2026 for students appearing from Nashik District examination centres only, as per the official SPPU corrigendum. All other examination centres will follow the original schedule.",10,LOW
msg_-1001474058642_480684,2026-07-18T04:34:12+00:00,1875043602,Te2019 result? Today?,10,LOW
msg_-1001474058642_480683,2026-07-18T04:28:32+00:00,7811752003,Only for Carry On Students for Nashik region!,10,LOW
msg_-1001474058642_480681,2026-07-18T04:22:37+00:00,8260213898,Yes,10,LOW
msg_-1001474058642_480676,2026-07-18T04:03:37+00:00,1875043602,Te2019 result? Today?,10,LOW
msg_-1001474058642_480675,2026-07-18T02:15:26+00:00,8266453437,What is the procedure if you clear your subjects,10,LOW
msg_-1001474058642_480674,2026-07-18T02:15:06+00:00,8266453437,Is there who has done their degree with 2yd,10,LOW
msg_-1001474058642_480673,2026-07-18T01:49:47+00:00,1948368882,Ky karneka hai,10,LOW
msg_-1001474058642_480667,2026-07-17T17:56:40+00:00,7091704793,Anyone have TOC notes? If yes please share,10,LOW
msg_-1001474058642_480666,2026-07-17T17:47:33+00:00,1218555210,Se result 2019 pattern??,10,LOW
msg_-1001474058642_480665,2026-07-17T17:31:05+00:00,6092682377,.,10,LOW
msg_-1001474058642_480664,2026-07-17T17:30:34+00:00,6092682377,SE_EandTC_NEP 2024 Pat_R2_AY_ 25-26._21072025.pdf,1506,LOW
msg_-1001474058642_480662,2026-07-17T14:23:35+00:00,8421277732,Mechanical new booklet of 1000 qs practise booklet,28923,LOW
msg_-1001474058642_480661,2026-07-17T14:23:35+00:00,8421277732,Coal India 1000 Qs Free Practise Booklet for All Branches,65666,LOW
msg_-1001474058642_480653,2026-07-17T13:49:01+00:00,6369304940,😂,10,LOW
msg_-1001474058642_480650,2026-07-17T13:33:57+00:00,6166466563,Autonomous,10,LOW
msg_-1001474058642_480649,2026-07-17T13:29:36+00:00,6701417021,Which clg u r going to take admission autonomous or university,10,LOW
msg_-1001474058642_480648,2026-07-17T13:21:53+00:00,6742319202,can someone please share the links to the 3rd sem notes?,10,LOW
msg_-1001474058642_480647,2026-07-17T13:08:29+00:00,6166466563,Does anyone has m3 syllabus for dse ?,10,LOW
msg_-1001474058642_480646,2026-07-17T12:58:45+00:00,1206233064,Electrical measurement instumation give me provide all unit,10,LOW
msg_-1001474058642_480644,2026-07-17T11:57:49+00:00,8260213898,.,10,LOW
msg_-1001474058642_480643,2026-07-17T11:34:38+00:00,7943435511,Yes,10,LOW
msg_-1001474058642_480639,2026-07-17T10:56:58+00:00,5914393037,Ha,10,LOW
msg_-1001474058642_480637,2026-07-17T10:32:07+00:00,8210021625,Backlog ka tha,10,LOW
msg_-1001474058642_480636,2026-07-17T10:31:52+00:00,8210021625,Mera bhi invalid data ka error hai,10,LOW
msg_-1001474058642_480635,2026-07-17T10:30:34+00:00,8210021625,BE ka result dikh raha hai kya Bhai,10,LOW
msg_-1001474058642_480632,2026-07-17T08:41:58+00:00,1350643814,Hmm,10,LOW
msg_-1001474058642_480631,2026-07-17T08:19:16+00:00,5914393037,"Usne likha regular ka nahi haina , to uspe mene likha ofc nahi",10,LOW
msg_-1001474058642_480630,2026-07-17T08:18:57+00:00,7811752003,"(Applicable Only for N+2+Only Backlog, N+2+1 Summer, Allowed against Interim   Application Students) as per circular Dated: 30-05-2026",10,LOW
msg_-1001474058642_480629,2026-07-17T08:18:31+00:00,5088981676,Regular walo ke nahi hai  Uper kya likha hai padh bhi liya karo,10,LOW
msg_-1001474058642_480628,2026-07-17T08:09:26+00:00,5914393037,Aaj to T.E  ka mushkkil lagra hai,10,LOW
msg_-1001474058642_480627,2026-07-17T08:08:08+00:00,5914393037,4 din me insem thodi honge,10,LOW
msg_-1001474058642_480626,2026-07-17T08:08:01+00:00,5914393037,Ofc bhai,10,LOW
msg_-1001474058642_480624,2026-07-17T07:51:35+00:00,1350643814,Regular wale ke liye nhi h na?,10,LOW
msg_-1001474058642_480623,2026-07-17T07:51:17+00:00,6577466058,Yess,10,LOW
msg_-1001474058642_480620,2026-07-17T07:28:14+00:00,1614939011,Real aahe ka?,10,LOW
msg_-1001474058642_480619,2026-07-17T07:04:01+00:00,7811752003,INSEM-Examination of Summer Session-2026 (APRILMAY-2026) as per circular Dated 30-05-2026.pdf,10,LOW
msg_-1001474058642_480616,2026-07-17T03:22:16+00:00,1350643814,FE ke admission ke baad,10,LOW
msg_-1001474058642_480615,2026-07-17T03:20:30+00:00,1814840855,Idea,10,LOW
msg_-1001474058642_480614,2026-07-17T03:20:18+00:00,1814840855,Scholarship kab tak ayyegi koi ieea,10,LOW
msg_-1001474058642_480613,2026-07-17T02:48:51+00:00,8347764062,Ds notes send please,10,LOW
msg_-1001474058642_480611,2026-07-17T02:05:46+00:00,1350643814,20 tak man banta h toh dal dete h result,10,LOW
msg_-1001474058642_480610,2026-07-17T02:05:31+00:00,1350643814,17 ko mann nhi h,10,LOW
msg_-1001474058642_480609,2026-07-17T02:04:09+00:00,1350643814,😂😂,10,LOW
msg_-1001474058642_480601,2026-07-16T18:04:17+00:00,1338639031,😂,10,LOW
msg_-1001474058642_480600,2026-07-16T17:35:45+00:00,7811752003,Who said on 17?,10,LOW
msg_-1001474058642_480598,2026-07-16T17:19:31+00:00,5914393037,17 ko to mushkil hai. Unless kal dupher tak delete ho jaye,10,LOW
msg_-1001474058642_480597,2026-07-16T17:15:02+00:00,1875043602,Not deleted te 2019 result,10,LOW
msg_-1001474058642_480596,2026-07-16T16:57:52+00:00,6166466563,Dse cse or aids syllabus sppu plzz,10,LOW
msg_-1001474058642_480595,2026-07-16T16:48:17+00:00,2065274634,Ok bhai,10,LOW
msg_-1001474058642_480594,2026-07-16T16:39:43+00:00,7762136470,TE ka,10,LOW
msg_-1001474058642_480593,2026-07-16T16:39:40+00:00,7762136470,Bhai 17 ko hai,10,LOW
msg_-1001474058642_480592,2026-07-16T16:26:13+00:00,1350643814,😂😂,10,LOW
msg_-1001474058642_480591,2026-07-16T16:25:48+00:00,7811752003,Is this right subject?,10,LOW
msg_-1001474058642_480584,2026-07-16T16:24:55+00:00,7811752003,Means total 6 papers,10,LOW
msg_-1001474058642_480583,2026-07-16T16:24:53+00:00,5914393037,I thought you asked weather results gets deleted,10,LOW
msg_-1001474058642_480582,2026-07-16T16:24:36+00:00,5914393037,No its not deleted,10,LOW
msg_-1001474058642_480580,2026-07-16T16:21:51+00:00,2065274634,Ok phir kal lagega 😂,10,LOW
msg_-1001474058642_480577,2026-07-16T16:07:59+00:00,7811752003,Ok I'll not do!,10,LOW
msg_-1001474058642_480574,2026-07-16T16:05:40+00:00,7811752003,Ok,10,LOW
msg_-1001474058642_480572,2026-07-16T15:58:51+00:00,7943435511,Can you send nov-dec from 22 to 25,10,LOW
msg_-1001474058642_480569,2026-07-16T15:55:14+00:00,5914393037,Yeah,10,LOW
msg_-1001474058642_480568,2026-07-16T15:54:42+00:00,7811752003,From April 22 to April 25,10,LOW
msg_-1001474058642_480567,2026-07-16T15:54:20+00:00,7811752003,I have endsem,10,LOW
msg_-1001474058642_480566,2026-07-16T15:53:22+00:00,7943435511,Endsem,10,LOW
msg_-1001474058642_480565,2026-07-16T15:52:03+00:00,6584587940,Sppu university 2024 pattern syllabus pdf send kr sakta hai kya koi?? Entc branch ka,10,LOW
msg_-1001474058642_480563,2026-07-16T15:29:31+00:00,2065274634,Depends on your back,10,LOW
msg_-1001474058642_480562,2026-07-16T15:26:29+00:00,2065274634,Old result are deleted?,10,LOW
msg_-1001474058642_480561,2026-07-16T15:25:59+00:00,5914393037,What is for test,10,LOW
msg_-1001474058642_480560,2026-07-16T15:19:13+00:00,5914393037,What ? 4  years?,10,LOW
msg_-1001474058642_480558,2026-07-16T14:31:45+00:00,5914393037,Wait until the old result gets deleted,10,LOW
msg_-1001474058642_480557,2026-07-16T14:21:37+00:00,1402726595,Insem ? Endsem?,10,LOW
msg_-1001474058642_480555,2026-07-16T13:35:06+00:00,5152211886,Fe 2019 pattern,10,LOW
msg_-1001474058642_480549,2026-07-16T12:24:02+00:00,7147997140,Yes,10,LOW
msg_-1001474058642_480533,2026-07-16T10:45:15+00:00,973743808,?,10,LOW
msg_-1001474058642_480532,2026-07-16T10:45:11+00:00,973743808,SE 2019 PATT,10,LOW
msg_-1001474058642_480529,2026-07-16T10:44:17+00:00,973743808,S.E 2019 PATT ?,10,LOW
msg_-1001474058642_480528,2026-07-16T10:24:32+00:00,5161291498,T.e 2019 pattern result,10,LOW
msg_-1001474058642_480524,2026-07-16T09:33:13+00:00,1753612351,Are you DSE Student?,10,LOW
msg_-1001474058642_480522,2026-07-16T08:32:42+00:00,970775949,DSA,10,LOW
msg_-1001474058642_480514,2026-07-16T05:39:27+00:00,2084693479,3 August tentative SE 2024 result date,10,LOW
msg_-1001474058642_480512,2026-07-16T05:27:49+00:00,8994224249,📢 *𝐓𝐄𝐍𝐓𝐀𝐓𝐈𝐕𝐄 𝐑𝐄𝐒𝐔𝐋𝐓 𝐃𝐀𝐓𝐄𝐒*  𝐁𝐄 *2019 Pattern* : Around 15 July 2026  𝐓𝐄 *2019 Pattern* : Around 22 July 2026  *SE* *2024 Pattern* : Around 3 August 2026  𝐅𝐄 *2024 Pattern* : Around 5 August 2026,10,LOW
msg_-1001474058642_480511,2026-07-16T05:23:54+00:00,8836944835,Contact,10,LOW
msg_-1001474058642_480510,2026-07-16T05:23:37+00:00,8836944835,BE Project with full Documents,10,LOW
msg_-1001474058642_480500,2026-07-16T05:17:18+00:00,5696887110,aaj,10,LOW
msg_-1001474058642_480498,2026-07-16T05:16:26+00:00,1948368882,Bcz mera open hi nai ho raha hai usme,10,LOW
msg_-1001474058642_480497,2026-07-16T05:16:17+00:00,1948368882,Backlog ke liye bhi same link hai ya alag aayega,10,LOW
msg_-1001474058642_480489,2026-07-16T05:05:02+00:00,7813419086,do anyone have gemini pro ( free with jio sim card ),10,LOW
msg_-1001474058642_480485,2026-07-16T04:38:34+00:00,7762136470,TE ka result Kab ha,10,LOW
msg_-1001474058642_480481,2026-07-16T02:12:16+00:00,7993759644,Electrial AEE previous question paper,10,LOW
msg_-1001474058642_480461,2026-07-15T18:29:21+00:00,7147997140,Anybody knows,10,LOW
msg_-1001474058642_480460,2026-07-15T18:27:31+00:00,7147997140,"Why CGPA is not showing ,SGPA is showing in result",10,LOW
msg_-1001474058642_480459,2026-07-15T17:57:28+00:00,5839694621,huaa ky,10,LOW
msg_-1001474058642_480457,2026-07-15T16:45:10+00:00,5846316318,There is  only one subject deep learning Nothing else,10,LOW
msg_-1001474058642_480456,2026-07-15T16:42:59+00:00,5839694621,site ka,10,LOW
msg_-1001474058642_480455,2026-07-15T16:42:48+00:00,5839694621,update kardena,10,LOW
msg_-1001474058642_480453,2026-07-15T16:36:12+00:00,5068108476,Same,10,LOW
msg_-1001474058642_480452,2026-07-15T16:34:53+00:00,1350643814,May be,10,LOW
msg_-1001474058642_480450,2026-07-15T16:34:17+00:00,7655654618,Maza ter site ch server unavailable dakhvtay,10,LOW
msg_-1001474058642_480448,2026-07-15T16:33:42+00:00,5846316318,Anyone have notes or pyq of following subjects for BE  COMPUTER SCIENCE AND DESIGN  Computer vision Deep learning Game designing and development  Please send,10,LOW
msg_-1001474058642_480446,2026-07-15T16:32:34+00:00,7655654618,is anyones result is showing?,10,LOW
msg_-1001474058642_480444,2026-07-15T16:28:31+00:00,7943435511,Introduction to DevOps it's elective subject,10,LOW
msg_-1001474058642_480443,2026-07-15T16:27:42+00:00,7943435511,That subject is not there in BE IT 2019pattern pdf i have seen😢,10,LOW
msg_-1001474058642_480440,2026-07-15T16:25:46+00:00,7943435511,Please can anyone share BE IT Introduction to DevOps subject elective subject 2019 Pattern Semester-VII Elective-IV 414445 B previous year question papers,10,LOW
msg_-1001474058642_480439,2026-07-15T16:16:55+00:00,998406891,Anyone saw the result,10,LOW
msg_-1001474058642_480435,2026-07-15T15:10:32+00:00,5020989165,Ok,10,LOW
msg_-1001474058642_480431,2026-07-15T14:41:55+00:00,5225867388,Assistant engineer electrical  exams pdf,10,LOW
msg_-1001474058642_480430,2026-07-15T14:41:31+00:00,5914393037,"**⚠️ SPPU Result Portal Update**  Dear Students,  Due to technical issues and discrepancies in some recently published results, server maintenance and necessary corrections are currently underway. As a result, the SPPU result website may experience temporary crashes, slow loading, or results may not be displayed for some students.  Students are requested to remain patient and avoid repeatedly refreshing the website. The technical team is working to resolve the issue, and the portal will function normally once the necessary updates are completed.  **Please stay patient and check the portal again after some time.**  — **SPPU Update**",10,LOW
msg_-1001474058642_480428,2026-07-15T14:36:19+00:00,5283267970,Bhai Koi bataega mujhe ki golden mein ek subject back Ho hota he to kitne marks tak grace mil sakta he,10,LOW
msg_-1001474058642_480427,2026-07-15T14:33:03+00:00,1338639031,August,10,LOW
msg_-1001474058642_480423,2026-07-15T14:27:06+00:00,1710100092,Oky,10,LOW
msg_-1001474058642_480420,2026-07-15T14:13:38+00:00,1554024468,Yehi show hora bas or kuch nhi 😂,10,LOW
msg_-1001474058642_480416,2026-07-15T14:10:53+00:00,8797788847,Bro,10,LOW
msg_-1001474058642_480415,2026-07-15T14:10:50+00:00,8797788847,Zhl ki sang,10,LOW
msg_-1001474058642_480413,2026-07-15T14:06:53+00:00,1554024468,Solve hogaya ky ?,10,LOW
msg_-1001474058642_480403,2026-07-15T13:13:46+00:00,8726234661,Can someone check my result,10,LOW
msg_-1001474058642_480401,2026-07-15T12:53:57+00:00,5914393037,Check ab phirse,10,LOW
msg_-1001474058642_480400,2026-07-15T12:53:46+00:00,5914393037,"Yes , glitch hua tha",10,LOW
msg_-1001474058642_480399,2026-07-15T12:53:35+00:00,8517458551,Wrongly matb ?,10,LOW
msg_-1001474058642_480398,2026-07-15T12:53:07+00:00,8517458551,Anyone have idea ?,10,LOW
msg_-1001474058642_480397,2026-07-15T12:53:06+00:00,5914393037,ChecCheckk out,10,LOW
msg_-1001474058642_480396,2026-07-15T12:53:04+00:00,5914393037,Shayad thik ho gya hai,10,LOW
msg_-1001474058642_480395,2026-07-15T12:53:02+00:00,8517458551,Koi glitch hoga ya kya ?,10,LOW
msg_-1001474058642_480394,2026-07-15T12:52:56+00:00,8517458551,Kya koi sure h ki usne paper diya h pr usko fail aya h aur even kam grade b nhi sidha 0 aya h,10,LOW
msg_-1001474058642_480392,2026-07-15T12:51:32+00:00,1710100092,?,10,LOW
msg_-1001474058642_480391,2026-07-15T12:51:29+00:00,1710100092,To thik kab hoga,10,LOW
msg_-1001474058642_480389,2026-07-15T12:33:06+00:00,5106606748,Contact your collage,10,LOW
msg_-1001474058642_480388,2026-07-15T12:31:24+00:00,5694501637,There's mistake  in my mother's name how to resolve,10,LOW
msg_-1001474058642_480387,2026-07-15T12:29:44+00:00,2065274634,Yes,10,LOW
msg_-1001474058642_480386,2026-07-15T12:26:47+00:00,2122471960,any possibility?,10,LOW
msg_-1001474058642_480385,2026-07-15T12:26:43+00:00,2122471960,can TE result come out before 22nd july??/,10,LOW
msg_-1001474058642_480382,2026-07-15T12:02:22+00:00,1278934038,Dd#,10,LOW
msg_-1001474058642_480381,2026-07-15T11:57:02+00:00,5912389189,and kuch logo kei grades hee alag aare hai of 7th sem in the final result,10,LOW
msg_-1001474058642_480380,2026-07-15T11:56:43+00:00,5912389189,aaya   toh hai but  cgpa galat aari hai,10,LOW
msg_-1001474058642_480379,2026-07-15T11:55:10+00:00,8726234661,Abhi dikha?,10,LOW
msg_-1001474058642_480378,2026-07-15T11:49:05+00:00,5912389189,galat  resulllt  aaya hai guys,10,LOW
msg_-1001474058642_480377,2026-07-15T11:42:01+00:00,5060478042,Update,10,LOW
msg_-1001474058642_480376,2026-07-15T11:41:55+00:00,5060478042,Se 2019 pattern results,10,LOW
msg_-1001474058642_480374,2026-07-15T11:15:09+00:00,5694501637,Guys,10,LOW
msg_-1001474058642_480373,2026-07-15T11:15:05+00:00,5694501637,Hi,10,LOW
msg_-1001474058642_480371,2026-07-15T11:05:46+00:00,7655654618,Han site load ni horhi,10,LOW
msg_-1001474058642_480368,2026-07-15T11:04:53+00:00,8726234661,Mera nai dikh rha,10,LOW
msg_-1001474058642_480367,2026-07-15T11:02:55+00:00,7655654618,Kisika result dikh rha hai kya,10,LOW
msg_-1001474058642_480365,2026-07-15T11:00:26+00:00,8726234661,Kisi ne abhi result check Kiya? And dikha result,10,LOW
msg_-1001474058642_480364,2026-07-15T10:50:48+00:00,7928277826,FE 2024 pattern result date ?,10,LOW
msg_-1001474058642_480360,2026-07-15T10:45:52+00:00,5914393037,From colg teacher,10,LOW
msg_-1001474058642_480359,2026-07-15T10:45:44+00:00,5914393037,Dear students I've noticed some students have fail ( F grade ) in there results but they have got SGPA pointer    And some students have different elective subject   Ex. If u choosen *business intelligence* but in result it shows *soft computing*  So don't be panic the issue it get resolved by. SPPU  *All the best and congratulations 🎉*,10,LOW
msg_-1001474058642_480355,2026-07-15T10:42:39+00:00,5912389189,notification aaya hai kya?,10,LOW
msg_-1001474058642_480354,2026-07-15T10:42:15+00:00,7811752003,Yes,10,LOW
msg_-1001474058642_480353,2026-07-15T10:42:09+00:00,5912389189,galat result aaya hai kya?,10,LOW
msg_-1001474058642_480352,2026-07-15T10:42:05+00:00,7811752003,?,10,LOW
msg_-1001474058642_480350,2026-07-15T10:41:23+00:00,7811752003,📢 𝐓𝐄𝐍𝐓𝐀𝐓𝐈𝐕𝐄 𝐑𝐄𝐒𝐔𝐋𝐓 𝐃𝐀𝐓𝐄𝐒  𝐁𝐄 2019 Pattern : 15 July 2026 declared ✅  𝐓𝐄 2019 Pattern : Around 22 July 2026  SE 2019 Pattern : Around 1 August 2026  SE 2024 Pattern : Around 3 August 2026  FE 2019 Pattern : Around 4 August 2026  𝐅𝐄 2024 Pattern : Around 5 August 2026   ⚠️ वरील सर्व तारखा tentative असून निकाल 2–4 दिवस पुढे-मागे होऊ शकतो.,10,LOW
msg_-1001474058642_480348,2026-07-15T10:40:49+00:00,5914393037,BE 2019 Pattern students are currently facing issues while checking their results. The result is expected to be visible after 9:00 PM.,10,LOW
msg_-1001474058642_480347,2026-07-15T10:40:43+00:00,5914393037,BE 2019 Pattern students are currently facing issues while checking their results. The result is expected to be visible after 9:00 PM.,10,LOW
msg_-1001474058642_480344,2026-07-15T10:37:31+00:00,7311901879,Ok,10,LOW
msg_-1001474058642_480343,2026-07-15T10:37:05+00:00,8726234661,Kisi ka result dikha?,10,LOW
msg_-1001474058642_480341,2026-07-15T10:35:07+00:00,6927618229,SE 2019 results date,10,LOW
msg_-1001474058642_480340,2026-07-15T10:34:49+00:00,7311901879,Kaise,10,LOW
msg_-1001474058642_480337,2026-07-15T10:33:32+00:00,1830011169,Agar wo clear hu to ye reserve for backlog hat jayega nahi huaa to yd,10,LOW
msg_-1001474058642_480336,2026-07-15T10:32:54+00:00,1523458725,Te ka Kab he 2019,10,LOW
msg_-1001474058642_480335,2026-07-15T10:32:51+00:00,1471950686,BE 2019 pattern result declared,10,LOW
msg_-1001474058642_480331,2026-07-15T10:30:27+00:00,5914393037,"If the university's IT department accidentally uploaded the wrong sheet entirely or mapped the wrong subject codes during the backend upload, they have to take down the link, re-verify the internal ledger, and re-upload it. This typically takes less than a week",10,LOW
msg_-1001474058642_480330,2026-07-15T10:30:12+00:00,5914393037,"If the database itself is correct but the script displaying it on the website pulls the wrong columns (e.g., mixing up the branch codes for IT and Chemical), it usually gets resolved within 25 to 48 hours",10,LOW
msg_-1001474058642_480329,2026-07-15T10:29:31+00:00,1830011169,Te year ka koi back hai tumhara isliye,10,LOW
msg_-1001474058642_480323,2026-07-15T10:28:04+00:00,913866550,Result link pathva,10,LOW
msg_-1001474058642_480321,2026-07-15T10:26:57+00:00,5736983231,Result galat kaise hai? Sabka galat hai ya sirf kuch logo ka?,10,LOW
msg_-1001474058642_480320,2026-07-15T10:23:59+00:00,5020989165,Fe 2019 and se 2019 pattern result date ?,10,LOW
msg_-1001474058642_480315,2026-07-15T10:15:54+00:00,1710100092,Be result out,10,LOW
msg_-1001474058642_480310,2026-07-15T10:11:39+00:00,6821860910,There is a glitches in result,10,LOW
msg_-1001474058642_480309,2026-07-15T10:08:45+00:00,1596571770,Same,10,LOW
msg_-1001474058642_480308,2026-07-15T10:06:27+00:00,5947215197,Fail aur pass bhi ek sath,10,LOW
msg_-1001474058642_480307,2026-07-15T10:02:29+00:00,1554024468,Haaaa,10,LOW
msg_-1001474058642_480304,2026-07-15T09:59:10+00:00,7811752003,Links are disabled in the group.,10,LOW
msg_-1001474058642_480300,2026-07-15T09:54:49+00:00,1190594289,Share link,10,LOW
msg_-1001474058642_480298,2026-07-15T09:50:24+00:00,1868510567,Be result declared,10,LOW
msg_-1001474058642_480294,2026-07-15T09:44:45+00:00,5914393037,I already saw at 15:11,10,LOW
msg_-1001474058642_480293,2026-07-15T09:44:38+00:00,5914393037,Yess,10,LOW
msg_-1001474058642_480292,2026-07-15T09:43:36+00:00,6779528665,Noo,10,LOW
msg_-1001474058642_480291,2026-07-15T09:42:33+00:00,5914393037,Result declared,10,LOW
msg_-1001474058642_480290,2026-07-15T09:42:17+00:00,5947215197,No,10,LOW
msg_-1001474058642_480285,2026-07-15T09:39:27+00:00,1868510567,BE result out,10,LOW
msg_-1001474058642_480273,2026-07-15T08:44:50+00:00,5825862710,BE result not declared right ?,10,LOW
msg_-1001474058642_480271,2026-07-15T07:47:08+00:00,7655654618,Probably Aaj,10,LOW
msg_-1001474058642_480270,2026-07-15T07:30:21+00:00,889505218,Aj,10,LOW
msg_-1001474058642_480269,2026-07-15T07:26:57+00:00,7811752003,yes this is right,10,LOW
msg_-1001474058642_480267,2026-07-15T07:16:15+00:00,7655654618,Yes only deleted but not declared new result,10,LOW
msg_-1001474058642_480265,2026-07-15T07:15:12+00:00,7655654618,No,10,LOW
msg_-1001474058642_480259,2026-07-15T07:04:38+00:00,1868510567,BE result,10,LOW
msg_-1001474058642_480258,2026-07-15T07:04:34+00:00,1868510567,Kab lagega,10,LOW
msg_-1001474058642_480253,2026-07-15T05:06:16+00:00,5824602590,SE mechanical 2024 notes,10,LOW
msg_-1001474058642_480249,2026-07-15T03:21:35+00:00,5526292053,Coastal engineering insem question paper ...ahet ka,10,LOW
msg_-1001474058642_480241,2026-07-14T17:55:03+00:00,7157506870,any one have Multimedia Technology pyq and decode,10,LOW
msg_-1001474058642_480239,2026-07-14T17:48:06+00:00,2065274634,Fir kal pakka lagenge,10,LOW
msg_-1001474058642_480238,2026-07-14T17:17:06+00:00,1839167080,TE  2024 notes,10,LOW
msg_-1001474058642_480237,2026-07-14T17:10:19+00:00,6476946630,aptransco 2026 material.pleazs,10,LOW
msg_-1001474058642_480233,2026-07-14T15:46:28+00:00,6835204684,Anyone have a BI micro,10,LOW
msg_-1001474058642_480232,2026-07-14T15:39:21+00:00,5148314798,Old BE result deleted,10,LOW
msg_-1001474058642_480230,2026-07-14T14:58:30+00:00,5914393037,For sure,10,LOW
msg_-1001474058642_480229,2026-07-14T14:58:28+00:00,5914393037,Te 5-6 din me ajayega,10,LOW
msg_-1001474058642_480228,2026-07-14T14:58:19+00:00,5914393037,Be ane wala hahaii exactly,10,LOW
msg_-1001474058642_480227,2026-07-14T14:58:05+00:00,7762136470,I also don't know 100%,10,LOW
msg_-1001474058642_480226,2026-07-14T14:57:27+00:00,7762136470,Bro it's SPPU we don't trust they do anything,10,LOW
msg_-1001474058642_480225,2026-07-14T14:53:52+00:00,5914393037,Can expect result anytime soon,10,LOW
msg_-1001474058642_480224,2026-07-14T14:53:45+00:00,5914393037,BE  result deleted,10,LOW
msg_-1001474058642_480223,2026-07-14T14:51:49+00:00,5914393037,📢 *𝐓𝐄𝐍𝐓𝐀𝐓𝐈𝐕𝐄 𝐑𝐄𝐒𝐔𝐋𝐓 𝐃𝐀𝐓𝐄𝐒 (2019 Pattern)*  𝐁𝐄 *2019 Pattern* : Around 15 July 2026  𝐓𝐄 *2019 Pattern* : Around 22 July 2026  *SE 2024 Pattern* : Around 3 August 2026  𝐅𝐄 *2024 Pattern* : Around 5 August 2026   ⚠️ *वरील सर्व तारखा tentative असून निकाल 2–4 दिवस पुढे-मागे होऊ शकतो.*,10,LOW
msg_-1001474058642_480219,2026-07-14T13:05:11+00:00,7811752003,It will be more late!,10,LOW
msg_-1001474058642_480218,2026-07-14T13:05:05+00:00,7811752003,No 17 July!,10,LOW
msg_-1001474058642_480217,2026-07-14T13:04:58+00:00,7811752003,17 july?,10,LOW
msg_-1001474058642_480216,2026-07-14T12:14:15+00:00,7310160884,Kitna easy hai yaar ye,10,LOW
msg_-1001474058642_480215,2026-07-14T12:11:54+00:00,7310160884,.?,10,LOW
msg_-1001474058642_480214,2026-07-14T11:37:28+00:00,1350643814,Carry on😂😂,10,LOW
msg_-1001474058642_480213,2026-07-14T11:34:46+00:00,1338639031,Ho tech consider krtil,10,LOW
msg_-1001474058642_480212,2026-07-14T11:32:32+00:00,5914393037,Bina be aye te ka kese ayega,10,LOW
msg_-1001474058642_480211,2026-07-14T11:32:14+00:00,5914393037,Lekin ye to har saal hote haina . Last year exact 35 days me aya tha result,10,LOW
msg_-1001474058642_480210,2026-07-14T11:15:41+00:00,1350643814,Kuch bhi prediction dena mushkil h carry-on walo ke wajha se,10,LOW
msg_-1001474058642_480209,2026-07-14T11:13:17+00:00,1701078386,Does anyone know ???,10,LOW
msg_-1001474058642_480197,2026-07-14T08:21:32+00:00,7827887483,Digital marketing notes ?,10,LOW
msg_-1001474058642_480183,2026-07-14T06:23:40+00:00,8266453437,zar mi exam form madhe insem tick kela hota  tya nantr insem nahi dili mgg tr previous je marks aahe te consider honar ka?  Plz  help me,10,LOW
msg_-1001474058642_480181,2026-07-14T06:23:04+00:00,6779528665,When will the results for BE 2019 pattern  be announced?,10,LOW
msg_-1001474058642_480180,2026-07-14T06:22:21+00:00,6779528665,When will the results for the  BE 2019 pattern  be announced?,10,LOW
msg_-1001474058642_480179,2026-07-14T06:21:30+00:00,6779528665,`When will the results for BE 2019 pattern  be announced`?,10,LOW
msg_-1001474058642_480178,2026-07-14T06:20:51+00:00,8266453437,Plz  help me,10,LOW
msg_-1001474058642_480177,2026-07-14T06:20:40+00:00,8266453437,zar mi exam form madhe insem tick kela hota  tya nantr insem nahi dili mgg tr previous je marks aahe te consider honar ka?,10,LOW
msg_-1001474058642_480170,2026-07-14T03:48:43+00:00,7762136470,Yes,10,LOW
msg_-1001474058642_480169,2026-07-14T03:43:09+00:00,1350643814,Confirm?,10,LOW
msg_-1001474058642_480168,2026-07-14T02:46:51+00:00,7762136470,17 July or 24 July,10,LOW
msg_-1001474058642_480166,2026-07-14T01:54:46+00:00,1664936850,Abhyas kr baba,10,LOW
msg_-1001474058642_479993,2026-07-13T17:57:53+00:00,1986955321,Software modeling and architecture,10,LOW
msg_-1001474058642_479992,2026-07-13T17:48:25+00:00,1873186211,....,10,LOW
msg_-1001474058642_479956,2026-07-13T16:29:41+00:00,945097939,Advance survey,10,LOW
msg_-1001474058642_479947,2026-07-13T15:29:25+00:00,2084693479,July Ending,10,LOW
msg_-1001474058642_479941,2026-07-13T14:31:26+00:00,5200444589,digital marketing notes and decode,10,LOW
msg_-1001474058642_479940,2026-07-13T14:18:13+00:00,1873186211,Send ASAP,10,LOW
msg_-1001474058642_479939,2026-07-13T14:17:16+00:00,1873186211,Embedded proccer micro entc,10,LOW
msg_-1001474058642_479938,2026-07-13T14:10:30+00:00,5975195645,Ep micro,10,LOW
msg_-1001474058642_479937,2026-07-13T13:53:45+00:00,1875043602,Te result2019 ?,10,LOW
msg_-1001474058642_479936,2026-07-13T13:53:34+00:00,1875043602,Te result2019 ?,10,LOW
msg_-1001474058642_479935,2026-07-13T13:23:06+00:00,6485404976,"Bt, ml, daa kisi ki technical ya technoledge toh plz bhej do.",10,LOW
msg_-1001474058642_479918,2026-07-13T12:19:32+00:00,8260213898,Hello,10,LOW
msg_-1001474058642_479917,2026-07-13T12:17:40+00:00,7813419086,18,10,LOW
msg_-1001474058642_479903,2026-07-13T11:25:17+00:00,2067494380,Network security micro,10,LOW
msg_-1001474058642_479900,2026-07-13T10:29:46+00:00,1017793673,Send pls,10,LOW
msg_-1001474058642_479899,2026-07-13T10:29:41+00:00,1017793673,Network security micro,10,LOW
msg_-1001474058642_479898,2026-07-13T07:35:35+00:00,5459400366,Acc to SPPU GR,10,LOW
msg_-1001474058642_479897,2026-07-13T07:35:21+00:00,5459400366,17 july last date,10,LOW
msg_-1001474058642_479893,2026-07-13T07:09:34+00:00,1846802694,Ask in your college office,10,LOW
msg_-1001474058642_479823,2026-07-12T16:00:45+00:00,1133492840,BE 2024 backlog anyone?,10,LOW
msg_-1001474058642_479822,2026-07-12T15:18:53+00:00,1787344526,Any one know second year admission last date,10,LOW
msg_-1001474058642_479812,2026-07-12T12:12:06+00:00,1350643814,But koi shetty sir karke h wo bola 15th July ko aayega,10,LOW
msg_-1001474058642_479811,2026-07-12T11:55:04+00:00,1350643814,BE ka jaldi aayega,10,LOW
msg_-1001474058642_479810,2026-07-12T11:54:58+00:00,1350643814,15 ke baad hi expect kar sakte h result,10,LOW
msg_-1001474058642_479809,2026-07-12T11:54:44+00:00,1350643814,Bhai carry on walo ka chalu h na paper,10,LOW
msg_-1001474058642_479808,2026-07-12T11:54:14+00:00,5914393037,Be ke to 42 din ho gye exam hue,10,LOW
msg_-1001474058642_479807,2026-07-12T11:53:08+00:00,1350643814,Relax BE TE ka bhi h,10,LOW
msg_-1001474058642_479806,2026-07-12T11:53:01+00:00,1350643814,😂😂😂,10,LOW
msg_-1001474058642_479805,2026-07-12T11:52:59+00:00,1350643814,Aree dusare course ka result declare ho rha h,10,LOW
msg_-1001474058642_479804,2026-07-12T11:50:33+00:00,5914393037,Vese hi down hogi 😅,10,LOW
msg_-1001474058642_479803,2026-07-12T11:49:32+00:00,1350643814,Nope,10,LOW
msg_-1001474058642_479802,2026-07-12T11:40:44+00:00,5914393037,Sppu result site working?,10,LOW
msg_-1001474058642_479754,2026-07-12T07:49:23+00:00,8744377689,Ai ds che se che 3rd semester che subject and notes astil tar send kara,10,LOW
msg_-1001474058642_479749,2026-07-12T07:34:49+00:00,5027734430,be result date ?,10,LOW
msg_-1001474058642_479743,2026-07-12T05:41:58+00:00,6377494269,Energy management micro,10,LOW
msg_-1001474058642_479736,2026-07-11T16:22:02+00:00,2084693479,First week of August,10,LOW
msg_-1001474058642_479734,2026-07-11T15:54:12+00:00,5161719453,Okay,10,LOW
msg_-1001474058642_479733,2026-07-11T15:53:53+00:00,7811752003,you might need to discuss the college exam section.,10,LOW
msg_-1001474058642_479732,2026-07-11T15:52:56+00:00,5161719453,My deadline is 30 July. Should I wait or visit the uni?,10,LOW
msg_-1001474058642_479731,2026-07-11T15:52:33+00:00,5161719453,It's Frustrating yaar.  University doesn’t think about us at all.  Onboarding is at risk because of results. Can’t they at least release BE results?!,10,LOW
msg_-1001474058642_479726,2026-07-11T14:29:53+00:00,7993759644,Eee,10,LOW
msg_-1001474058642_479725,2026-07-11T14:29:25+00:00,7993759644,EEE btech aee previous question papers,10,LOW
msg_-1001474058642_479724,2026-07-11T14:26:15+00:00,7993759644,Hi,10,LOW
msg_-1001474058642_479722,2026-07-11T14:15:52+00:00,7811752003,and some timetables from third and second year show upto 17-07-2026 so finally its the university who does think of everyone,10,LOW
msg_-1001474058642_479721,2026-07-11T14:14:17+00:00,7811752003,so result will be late,10,LOW
msg_-1001474058642_479720,2026-07-11T14:14:11+00:00,7811752003,it shows upto 15 june 2026 as last paper,10,LOW
msg_-1001474058642_479719,2026-07-11T14:12:59+00:00,7811752003,ok?,10,LOW
msg_-1001474058642_479718,2026-07-11T14:12:57+00:00,7811752003,for the result to be arrived late,10,LOW
msg_-1001474058642_479717,2026-07-11T14:12:47+00:00,7811752003,so one should have some patience,10,LOW
msg_-1001474058642_479716,2026-07-11T14:12:33+00:00,7811752003,which is making result late,10,LOW
msg_-1001474058642_479715,2026-07-11T14:12:23+00:00,7811752003,look this is the timetable,10,LOW
msg_-1001474058642_479714,2026-07-11T14:12:06+00:00,7811752003,for carry on students,10,LOW
msg_-1001474058642_479707,2026-07-11T13:35:14+00:00,5914393037,This is so fraud bhai. Final ywar students want to go study masters aborad,10,LOW
msg_-1001474058642_479706,2026-07-11T13:25:55+00:00,7811752003,It's there until 17 july.,10,LOW
msg_-1001474058642_479705,2026-07-11T13:25:32+00:00,7811752003,Yes,10,LOW
msg_-1001474058642_479704,2026-07-11T13:25:22+00:00,5161719453,Are carry on exams still going on?  And will BE result depend on that?,10,LOW
msg_-1001474058642_479699,2026-07-11T12:32:34+00:00,7811752003,"read older chat, man!",10,LOW
msg_-1001474058642_479698,2026-07-11T12:09:57+00:00,5005879315,Anyone who has a 2nd time continuous YD. Eligible the kya for scholarship in sppu,10,LOW
msg_-1001474058642_479691,2026-07-11T09:14:45+00:00,7811752003,This month or next month for sure. Because some carry on students also appearing for exams so its taking time,10,LOW
msg_-1001474058642_479689,2026-07-11T08:59:43+00:00,8649753932,Se result date ❓,10,LOW
msg_-1001474058642_479688,2026-07-11T08:59:15+00:00,8649753932,Se result date ❓,10,LOW
msg_-1001474058642_479687,2026-07-11T08:57:51+00:00,8649753932,Se result date ❓,10,LOW
msg_-1001474058642_479686,2026-07-11T08:57:17+00:00,8649753932,Se result date ❓,10,LOW
msg_-1001474058642_479682,2026-07-11T08:31:03+00:00,1649799367,Hey,10,LOW
msg_-1001474058642_479671,2026-07-11T04:24:47+00:00,6485404976,T.E. result 2019?,10,LOW
msg_-1001474058642_479659,2026-07-10T17:20:38+00:00,5122467614,Jay hind Jay maharashtra  Kara कष्ट ani kha उष्ट Amchi jirali धन्यवाद  bagha tumach तुम्ही amhi चाललो,10,LOW
msg_-1001474058642_479655,2026-07-10T16:05:04+00:00,7811752003,.,10,LOW
msg_-1001474058642_479649,2026-07-10T15:09:02+00:00,6518084753,Can anyone send SE discrete mathematics question paper 2024 pattern,10,LOW
msg_-1001474058642_479648,2026-07-10T15:06:32+00:00,6755968181,Advanced java micro ?,10,LOW
msg_-1001474058642_479639,2026-07-10T14:16:48+00:00,5785547669,Irrigation and Drainage note IMP,10,LOW
msg_-1001474058642_479632,2026-07-10T13:19:23+00:00,2065641687,Please send,10,LOW
msg_-1001474058642_479631,2026-07-10T13:18:30+00:00,1875043602,Te result2019 ?,10,LOW
msg_-1001474058642_479549,2026-07-10T10:57:20+00:00,1350643814,Pyq,10,LOW
msg_-1001474058642_479270,2026-07-10T09:04:51+00:00,5975195645,Todays carry on pdc paper,10,LOW
msg_-1001474058642_479221,2026-07-10T08:44:41+00:00,8266453437,Does anyone have this time 2019 pattern fe exam timetabep,10,LOW
msg_-1001474058642_479138,2026-07-10T08:09:53+00:00,1749226670,Multimedia,10,LOW
msg_-1001474058642_479102,2026-07-10T06:29:31+00:00,2063144244,Hiii koni ahe...,10,LOW
msg_-1001474058642_479101,2026-07-10T06:18:08+00:00,2063144244,University konti ahe tujhi..,10,LOW
msg_-1001474058642_479100,2026-07-10T06:06:29+00:00,7811752003,because some carry on students also appearing for exams so its taking time,10,LOW
msg_-1001474058642_479099,2026-07-10T06:05:34+00:00,7811752003,this month or next month for sure.,10,LOW
msg_-1001474058642_479052,2026-07-09T16:07:10+00:00,1281270120,Digital Marketing micro ?,10,LOW
msg_-1001474058642_479051,2026-07-09T16:06:49+00:00,1281270120,Anyone has Mobile Computing micro ?,10,LOW
msg_-1001474058642_479050,2026-07-09T15:58:07+00:00,8066073159,Plz recommended fluid mechanics lecture,10,LOW
msg_-1001474058642_479049,2026-07-09T15:39:34+00:00,7948983853,OS NOTES,10,LOW
msg_-1001474058642_479047,2026-07-09T15:30:19+00:00,1384642340,TQM and MIS notes,10,LOW
msg_-1001474058642_479046,2026-07-09T15:29:45+00:00,1384642340,Structural Audit and Retrofitting of Structures notes,10,LOW
msg_-1001474058642_479036,2026-07-09T14:03:00+00:00,5472923934,Ho,10,LOW
msg_-1001474058642_479031,2026-07-09T13:47:50+00:00,2065641687,Transportation engg  Air pollution  Foundation engg  Integrated water resource planning and management,10,LOW
msg_-1001474058642_479027,2026-07-09T13:16:01+00:00,5003478349,Embedded processor aahe ka konakde micro?,10,LOW
msg_-1001474058642_479020,2026-07-09T09:54:49+00:00,8266453437,👋,10,LOW
msg_-1001474058642_479019,2026-07-09T09:50:24+00:00,2063144244,Subject kont...,10,LOW
msg_-1001474058642_479018,2026-07-09T09:41:03+00:00,8921157455,Koni 2nd or 3rd time yd ahe ka,10,LOW
msg_-1001474058642_479017,2026-07-09T09:37:06+00:00,6377494269,Full pdf on CSE micro,10,LOW
msg_-1001474058642_479012,2026-07-09T09:23:22+00:00,8921157455,Anyone who is year down third time,10,LOW
msg_-1001474058642_479009,2026-07-09T07:55:38+00:00,5330981580,AIML TE SYLLABUS 2024 PATTERN,10,LOW
msg_-1001474058642_479008,2026-07-09T07:42:46+00:00,5914393037,Be ka hi nahi ara yaar,10,LOW
msg_-1001474058642_479005,2026-07-09T06:11:50+00:00,2067494380,Pdf micro,10,LOW
msg_-1001474058642_479004,2026-07-09T06:11:33+00:00,5824602590,all units,10,LOW
msg_-1001474058642_479003,2026-07-09T06:11:09+00:00,5824602590,SE mechanical notes pdf send please,10,LOW
msg_-1001474058642_478998,2026-07-09T05:39:29+00:00,1882769440,BEcha NLP cha decide asel ka kona kade,10,LOW
msg_-1001474058642_478997,2026-07-09T05:34:50+00:00,6538185525,Hey,10,LOW
msg_-1001474058642_478987,2026-07-08T16:53:15+00:00,2097663775,CSE MICRO PDF.,10,LOW
msg_-1001474058642_478986,2026-07-08T16:36:51+00:00,7811752003,and the date might change which is unpredictable by SPPU,10,LOW
msg_-1001474058642_478985,2026-07-08T16:36:36+00:00,7811752003,this is the update,10,LOW
msg_-1001474058642_478974,2026-07-08T13:15:49+00:00,1467647836,TE 2019 patt,10,LOW
msg_-1001474058642_478973,2026-07-08T13:15:37+00:00,1467647836,Any update about results?,10,LOW
msg_-1001474058642_478972,2026-07-08T13:12:37+00:00,6377494269,Send CSE micro,10,LOW
msg_-1001474058642_478967,2026-07-08T11:29:10+00:00,1430062963,🔥 BIGGEST PRICE DROP! 🔥 Get the complete Microsoft Office Pack for just ₹449 ( ~~Original Price: ₹1499~~). ✅ Lifetime Access ✅ Instant Delivery ✅ 100% Genuine 👉 Contct: 8108016027,10,LOW
msg_-1001474058642_478966,2026-07-08T11:27:14+00:00,1430062963,🔥 BIGGEST PRICE DROP! 🔥 Get the complete Microsoft Office Pack for just ₹449 ( ~~Original Price: ₹1499~~). ✅ Lifetime Access ✅ Instant Delivery ✅ 100% Genuine 👉 Contct: 8108016027,10,LOW
msg_-1001474058642_478964,2026-07-08T09:04:25+00:00,8563010579,Syllabus ky aahe be cha computer cha,10,LOW
msg_-1001474058642_478963,2026-07-08T09:04:11+00:00,8563010579,Be computer sub nots aahet ka,10,LOW
msg_-1001474058642_478956,2026-07-08T07:43:46+00:00,1898152561,Pdc decode,10,LOW
msg_-1001474058642_478953,2026-07-08T07:00:38+00:00,973743808,What's update about SE 2019 result?,10,LOW
msg_-1001474058642_478952,2026-07-08T07:00:14+00:00,973743808,Hey,10,LOW
msg_-1001474058642_478949,2026-07-08T06:23:07+00:00,5200444589,Mobile Computing Decode,10,LOW
msg_-1001474058642_478946,2026-07-08T05:33:17+00:00,7005389446,OK,10,LOW
msg_-1001474058642_478945,2026-07-08T03:06:36+00:00,7369942733,TE 2024 pattern syllabus pdf ???,10,LOW
msg_-1001474058642_478944,2026-07-08T01:52:11+00:00,2063144244,Gm.,10,LOW
msg_-1001474058642_478943,2026-07-08T01:52:03+00:00,2063144244,Hi,10,LOW
msg_-1001474058642_478940,2026-07-08T01:41:05+00:00,5933478009,PLEASE SEND SYLLABUS OF ELECTRONICS AND COMPUTER ENGINEERING 2024 PATTERN,10,LOW
msg_-1001474058642_478931,2026-07-07T16:38:11+00:00,1286285845,Send kra plz,10,LOW
msg_-1001474058642_478930,2026-07-07T16:38:06+00:00,1286285845,Aedc chya notes aahet ka konakde,10,LOW
msg_-1001474058642_478925,2026-07-07T15:51:35+00:00,6804000841,Helloo all does anyone have any sources for SE instrumentation engineering maybe notes or something?,10,LOW
msg_-1001474058642_478923,2026-07-07T13:47:31+00:00,6755968181,Pdc micro ?,10,LOW
msg_-1001474058642_478921,2026-07-07T13:32:41+00:00,8260213898,Yes,10,LOW
msg_-1001474058642_478920,2026-07-07T13:28:51+00:00,6766076576,Hi,10,LOW
msg_-1001474058642_478918,2026-07-07T13:20:37+00:00,1374401247,Hi,10,LOW
msg_-1001474058642_478916,2026-07-07T13:00:43+00:00,1882267589,hello,10,LOW
msg_-1001474058642_478912,2026-07-07T11:00:19+00:00,1744676946,Final year Mega project hava hota bhetal ka,10,LOW
msg_-1001474058642_478911,2026-07-07T10:51:15+00:00,1744676946,Final year Mega project hava hota bhetal ka ?,10,LOW
msg_-1001474058642_478910,2026-07-07T10:46:04+00:00,1744676946,Hii,10,LOW
msg_-1001474058642_478904,2026-07-07T09:49:21+00:00,8295823439,Hi,10,LOW
msg_-1001474058642_478893,2026-07-07T07:45:00+00:00,8822151098,Hii,10,LOW
msg_-1001474058642_478892,2026-07-07T07:09:41+00:00,5945832752,Hii,10,LOW
msg_-1001474058642_478891,2026-07-07T06:13:22+00:00,8260213898,Yes,10,LOW
msg_-1001474058642_478890,2026-07-07T05:57:43+00:00,7811752003,This is different than regular E&TC.,10,LOW
msg_-1001474058642_478883,2026-07-07T03:46:33+00:00,8637533256,Hi,10,LOW
msg_-1001474058642_478872,2026-07-06T17:59:38+00:00,7811752003,Third and last year.,10,LOW
msg_-1001474058642_478871,2026-07-06T17:27:47+00:00,8994224249,TE syllabus??,10,LOW
msg_-1001474058642_478869,2026-07-06T17:03:21+00:00,5914393037,And if we see sppu pattern result takes 30-45 days . And final year can expect result any time now . In 5-10 days i hope,10,LOW
msg_-1001474058642_478868,2026-07-06T16:53:23+00:00,5914393037,But for which year,10,LOW
msg_-1001474058642_478865,2026-07-06T14:46:11+00:00,6629651100,TE group link,10,LOW
msg_-1001474058642_478853,2026-07-06T13:40:49+00:00,6755968181,1+,10,LOW
msg_-1001474058642_478835,2026-07-06T11:59:53+00:00,7811752003,for 2019 pattern only,10,LOW
msg_-1001474058642_478834,2026-07-06T11:59:36+00:00,7811752003,ok,10,LOW
msg_-1001474058642_478833,2026-07-06T11:59:27+00:00,7003281600,Only School admins got this syllabus,10,LOW
msg_-1001474058642_478832,2026-07-06T11:56:44+00:00,6751896073,Is this for SE 2024 ?,10,LOW
msg_-1001474058642_478831,2026-07-06T11:55:31+00:00,6751896073,Yes,10,LOW
msg_-1001474058642_478830,2026-07-06T11:42:08+00:00,7811752003,"📢 Result Update  The results are expected to be announced by the end of July or in the beginning of August. Please note that this is only an estimate, as no official announcement has been made yet.",10,LOW
msg_-1001474058642_478829,2026-07-06T11:40:13+00:00,5754099231,Who r going to take Honors this Year ??,10,LOW
msg_-1001474058642_478828,2026-07-06T11:37:33+00:00,7811752003,Is it Official?,10,LOW
msg_-1001474058642_478827,2026-07-06T11:35:51+00:00,7811752003,where did you got syllabus?,10,LOW
msg_-1001474058642_478825,2026-07-06T11:27:18+00:00,7811752003,"📢 Result Update  The results are expected to be announced by the end of July or in the beginning of August. Please note that this is only an estimate, as no official announcement has been made yet.",10,LOW
msg_-1001474058642_478822,2026-07-06T11:08:33+00:00,6573715332,Project management micro,10,LOW
msg_-1001474058642_478819,2026-07-06T08:33:23+00:00,6906688477,TE  notes of IT subjects,10,LOW
msg_-1001474058642_478811,2026-07-06T06:36:48+00:00,5051507740,BE 4th year ka result kb tk aayega,10,LOW
msg_-1001474058642_478810,2026-07-06T06:34:30+00:00,5051507740,BE 4th ka result kb tk aayega,10,LOW
msg_-1001474058642_478809,2026-07-06T06:23:57+00:00,5911517584,DRCS previous solve Questions paper,10,LOW
msg_-1001474058642_478807,2026-07-06T06:22:53+00:00,5200444589,Foc micro,10,LOW
msg_-1001474058642_478806,2026-07-06T05:45:34+00:00,1315007181,Plz,10,LOW
msg_-1001474058642_478805,2026-07-06T05:45:30+00:00,1315007181,Send,10,LOW
msg_-1001474058642_478804,2026-07-06T05:45:27+00:00,1315007181,SGP micro,10,LOW
msg_-1001474058642_478799,2026-07-06T04:31:26+00:00,7241291772,SE 2019 pattern ka result kab hai,10,LOW
msg_-1001474058642_478793,2026-07-06T03:24:13+00:00,1523458725,?,10,LOW
msg_-1001474058642_478791,2026-07-06T02:41:19+00:00,1716360795,Pyq,10,LOW
msg_-1001474058642_478764,2026-07-05T17:23:19+00:00,1321833313,Kuthla year la ahe,10,LOW
msg_-1001474058642_478760,2026-07-05T17:22:00+00:00,8637533256,Hi,10,LOW
msg_-1001474058642_478759,2026-07-05T17:20:28+00:00,1321833313,Hello,10,LOW
msg_-1001474058642_478751,2026-07-05T14:59:08+00:00,6020138322,8,10,LOW
msg_-1001474058642_478743,2026-07-05T14:13:48+00:00,1971323354,DAMS AND HYDRAULICS STRUCTURES ALL ANSWERS WITH QUESTIONS PDF,10,LOW
msg_-1001474058642_478739,2026-07-05T13:53:42+00:00,6284850454,Is anyone have TE SPPU SYLLABUS PDF ? For 2026 batche Please send,10,LOW
msg_-1001474058642_478735,2026-07-05T12:46:01+00:00,1745995411,Bhai sgp ki micro dalo koye to,10,LOW
msg_-1001474058642_478734,2026-07-05T12:39:47+00:00,1475994223,Send Distributed Systems micro,10,LOW
msg_-1001474058642_478732,2026-07-05T11:51:57+00:00,1523458725,3 year,10,LOW
msg_-1001474058642_478731,2026-07-05T11:51:39+00:00,1523458725,Guys rechecking che results kadhi lagnar ahe any idea? Nov/Dec,10,LOW
msg_-1001474058642_478730,2026-07-05T11:17:26+00:00,1246442145,Send  bhi karshil ki fkt SS ch takshil,10,LOW
msg_-1001474058642_478729,2026-07-05T10:52:04+00:00,7811752003,in the portal,10,LOW
msg_-1001474058642_478728,2026-07-05T10:51:59+00:00,7811752003,not released,10,LOW
msg_-1001474058642_478727,2026-07-05T10:51:42+00:00,8723746898,Please Share,10,LOW
msg_-1001474058642_478713,2026-07-05T07:07:18+00:00,8266453437,Funny bussiness,10,LOW
msg_-1001474058642_478690,2026-07-04T18:11:06+00:00,8260213898,Yes,10,LOW
msg_-1001474058642_478689,2026-07-04T18:09:33+00:00,8260213898,Hi,10,LOW
msg_-1001474058642_478686,2026-07-04T17:45:17+00:00,1350643814,😂😂😂😂😂,10,LOW
msg_-1001474058642_478685,2026-07-04T17:42:50+00:00,7523629442,Yes mere papa ki dukan hai sppu,10,LOW
msg_-1001474058642_478678,2026-07-04T16:32:18+00:00,5846316318,Anyone have notes or pyq of following subjects for BE  COMPUTER SCIENCE AND DESIGN  Computer vision Deep learning Game designing and development,10,LOW
msg_-1001474058642_478676,2026-07-04T16:31:29+00:00,5846316318,Anyone have notes or pyq of following subjects for BE  COMPUTER SCIENCE AND DESIGN  Computer vision Deep learning Game designing and development,10,LOW
msg_-1001474058642_478675,2026-07-04T16:26:12+00:00,1330207092,Software modelling and architecture,10,LOW
msg_-1001474058642_478674,2026-07-04T16:24:25+00:00,1330207092,Anyone have software modelling architecture notes and previous paper,10,LOW
msg_-1001474058642_478671,2026-07-04T15:58:28+00:00,7827887483,Fiber optic communication che  solve paper asel tr plz dya na konakade,10,LOW
msg_-1001474058642_478669,2026-07-04T15:53:46+00:00,8266453437,😅,10,LOW
msg_-1001474058642_478659,2026-07-04T14:48:54+00:00,5361522077,😅,10,LOW
msg_-1001474058642_478657,2026-07-04T12:16:33+00:00,1315007181,Hoo jla paper,10,LOW
msg_-1001474058642_478633,2026-07-04T06:19:07+00:00,6371121508,Yes,10,LOW
msg_-1001474058642_478625,2026-07-04T03:42:32+00:00,1461931224,TE IT syllabus 2024 pattern ??,10,LOW
msg_-1001474058642_478621,2026-07-04T02:52:32+00:00,8502057595,Bhai bhetle ka,10,LOW
msg_-1001474058642_478620,2026-07-04T02:49:20+00:00,8502057595,Ps2 end sem micro,10,LOW
msg_-1001474058642_478604,2026-07-03T17:31:23+00:00,7811752003,What is influenced in sppu?,10,LOW
msg_-1001474058642_478596,2026-07-03T16:21:53+00:00,5575643609,Sir website banae hai mechanic & electronic ke uper pls dekhi multiple project future me kam aye ge,10,LOW
msg_-1001474058642_478589,2026-07-03T15:31:26+00:00,1428133559,IFC MICRO PLEASE,10,LOW
msg_-1001474058642_478588,2026-07-03T15:31:11+00:00,1428133559,IFC Micro please,10,LOW
msg_-1001474058642_478586,2026-07-03T14:40:13+00:00,8277964112,Please anyone can guide me in electrical engineering carrier option,10,LOW
msg_-1001474058642_478585,2026-07-03T14:17:36+00:00,5103543575,Please send me if anyone had,10,LOW
msg_-1001474058642_478584,2026-07-03T14:15:19+00:00,5103543575,Deep learning notes,10,LOW
msg_-1001474058642_478580,2026-07-03T13:47:37+00:00,7634286852,TE Study Material Send.. 2024 pattern,10,LOW
msg_-1001474058642_478579,2026-07-03T13:30:42+00:00,8266453437,Anyone has influence in sppu,10,LOW
msg_-1001474058642_478576,2026-07-03T11:19:48+00:00,1628787122,CNS MICRO??,10,LOW
msg_-1001474058642_478573,2026-07-03T09:46:26+00:00,1400679136,CNS micro ??,10,LOW
msg_-1001474058642_478572,2026-07-03T08:08:21+00:00,5712499808,Cna anyone send me the syllabus of 2024 pattern entc ?,10,LOW
msg_-1001474058642_478569,2026-07-03T06:25:46+00:00,1709615395,Dl micro,10,LOW
msg_-1001474058642_478568,2026-07-03T04:56:59+00:00,5835371600,Pm mcq,10,LOW
msg_-1001474058642_478566,2026-07-03T04:52:09+00:00,7502888432,BA ki question paper send karo,10,LOW
msg_-1001474058642_478564,2026-07-03T04:40:10+00:00,8260213898,Yes,10,LOW
msg_-1001474058642_478563,2026-07-03T04:35:22+00:00,6702316823,Mcq,10,LOW
msg_-1001474058642_478562,2026-07-03T04:27:23+00:00,1709615395,Dl micro,10,LOW
msg_-1001474058642_478560,2026-07-03T03:59:53+00:00,1315007181,Ehv micro,10,LOW
msg_-1001474058642_478558,2026-07-03T03:03:06+00:00,6218484204,😂,10,LOW
msg_-1001474058642_478552,2026-07-03T02:13:49+00:00,7466243293,🙏🏻🥲,10,LOW
msg_-1001474058642_478551,2026-07-03T02:06:29+00:00,7893632716,Aabhyas kar,10,LOW
msg_-1001474058642_478550,2026-07-03T01:59:06+00:00,5880856456,Document from nileshyadav162006,10,LOW
msg_-1001474058642_478547,2026-07-03T01:36:47+00:00,8389212113,Here is the business analytics micro of Pdf By VP,10,LOW
msg_-1001474058642_478518,2026-07-02T17:57:43+00:00,1430062963,🔥 S.E  **__Business Analytics__** (𝗠𝗜𝗖𝗥𝗢) By Karan 🔥  NOTE: DON'T BUY MY MICRO FROM RANDOM PERSON.  🎯 𝗔𝘀 𝗽𝗲𝗿 𝟮𝟬𝟮𝟰 𝗘𝘅𝗮𝗺 𝗣𝗮𝘁𝘁𝗲𝗿𝗻🎯   ✔️ 𝗖𝗮𝗿𝗲𝗳𝘂𝗹𝗹𝘆 𝗦𝗲𝗹𝗲𝗰𝘁𝗲𝗱 𝗜𝗠𝗣 𝗤𝘂𝗲𝘀𝘁𝗶𝗼𝗻𝘀    💰 ~~𝗢𝗥𝗜𝗚𝗜𝗡𝗔𝗟 𝗣𝗥𝗜𝗖𝗘: ₹79 ~~  🎉 𝗗𝗜𝗦𝗖𝗢𝗨𝗡𝗧𝗘𝗗 𝗣𝗥𝗜𝗖𝗘: ₹40 𝗢𝗡𝗟𝗬 🎉   D .m @Karan_Wankhade3,10,LOW
msg_-1001474058642_478517,2026-07-02T17:56:01+00:00,5521830408,Send project management micro by VP,10,LOW
msg_-1001474058642_478516,2026-07-02T17:55:14+00:00,5521830408,Send project management micro by VP,10,LOW
msg_-1001474058642_478515,2026-07-02T17:51:03+00:00,5521830408,🙏🏻,10,LOW
msg_-1001474058642_478514,2026-07-02T17:50:45+00:00,5521830408,PM che micro dya VP che,10,LOW
msg_-1001474058642_478513,2026-07-02T17:49:34+00:00,1430062963,🔥 S.E  **__IOM __** (𝗠𝗜𝗖𝗥𝗢) By Karan 🔥  NOTE: DON'T BUY MY MICRO FROM RANDOM PERSON.  🎯 𝗔𝘀 𝗽𝗲𝗿 𝟮𝟬𝟮𝟰 𝗘𝘅𝗮𝗺 𝗣𝗮𝘁𝘁𝗲𝗿𝗻🎯   ✔️ 𝗖𝗮𝗿𝗲𝗳𝘂𝗹𝗹𝘆 𝗦𝗲𝗹𝗲𝗰𝘁𝗲𝗱 𝗜𝗠𝗣 𝗤𝘂𝗲𝘀𝘁𝗶𝗼𝗻𝘀    💰 ~~𝗢𝗥𝗜𝗚𝗜𝗡𝗔𝗟 𝗣𝗥𝗜𝗖𝗘: ₹79 ~~  🎉 𝗗𝗜𝗦𝗖𝗢𝗨𝗡𝗧𝗘𝗗 𝗣𝗥𝗜𝗖𝗘: ₹40 𝗢𝗡𝗟𝗬 🎉   D .m @Karan_Wankhade3,10,LOW
msg_-1001474058642_478512,2026-07-02T17:42:31+00:00,2097663775,Ps-ll micro,10,LOW
msg_-1001474058642_478510,2026-07-02T17:34:34+00:00,6076262010,Imp & micro ☝🏻,10,LOW
msg_-1001474058642_478509,2026-07-02T17:34:20+00:00,6076262010,Nanotechnology and nano science 🧪,10,LOW
msg_-1001474058642_478507,2026-07-02T17:29:16+00:00,7133435106,Fm pdf by vp,10,LOW
msg_-1001474058642_478506,2026-07-02T17:28:03+00:00,1922818069,Pm,10,LOW
msg_-1001474058642_478504,2026-07-02T17:07:54+00:00,8389212113,Micro of business analytics,10,LOW
msg_-1001474058642_478503,2026-07-02T17:05:44+00:00,8389212113,Document from Krushna Gangule,10,LOW
msg_-1001474058642_478501,2026-07-02T17:03:49+00:00,7466243293,Micro,10,LOW
msg_-1001474058642_478500,2026-07-02T17:03:46+00:00,7466243293,BERD,10,LOW
msg_-1001474058642_478499,2026-07-02T17:03:21+00:00,7466243293,BERD micro,10,LOW
msg_-1001474058642_478498,2026-07-02T16:58:47+00:00,8470888669,IOM micro,10,LOW
msg_-1001474058642_478497,2026-07-02T16:54:22+00:00,1322712733,Dl micro,10,LOW
msg_-1001474058642_478494,2026-07-02T16:38:26+00:00,6438957206,Fm 2024 patten micro,10,LOW
msg_-1001474058642_478493,2026-07-02T16:36:28+00:00,1914344564,Business Analytics micro,10,LOW
msg_-1001474058642_478492,2026-07-02T16:36:08+00:00,5126281680,SND 😂,10,LOW
msg_-1001474058642_478491,2026-07-02T16:35:41+00:00,5126281680,Rahul pawar,10,LOW
msg_-1001474058642_478488,2026-07-02T16:25:37+00:00,5174050688,Open nahi hot a,10,LOW
msg_-1001474058642_478487,2026-07-02T16:25:11+00:00,7835589593,Anyone have project management micro,10,LOW
msg_-1001474058642_478486,2026-07-02T16:21:35+00:00,7811752003,if you passed from yd then pattern is changed,10,LOW
msg_-1001474058642_478485,2026-07-02T16:21:14+00:00,7811752003,yes,10,LOW
msg_-1001474058642_478482,2026-07-02T16:18:30+00:00,6038110592,IOM micro plzz,10,LOW
msg_-1001474058642_478480,2026-07-02T16:03:34+00:00,1450656580,Project management micro,10,LOW
msg_-1001474058642_478479,2026-07-02T16:02:04+00:00,6218484204,PM micro,10,LOW
msg_-1001474058642_478478,2026-07-02T16:01:52+00:00,6218484204,Hi,10,LOW
msg_-1001474058642_478476,2026-07-02T15:41:13+00:00,1563105430,Pm vp chi pdf taka please,10,LOW
msg_-1001474058642_478475,2026-07-02T15:41:03+00:00,5582692410,Business essentials for rural development  Does anyone have micro,10,LOW
msg_-1001474058642_478474,2026-07-02T15:38:45+00:00,6610605183,Sppu 10 date se hai,10,LOW
msg_-1001474058642_478470,2026-07-02T15:20:40+00:00,8659863237,Industrial organization management che micro patva,10,LOW
msg_-1001474058642_478468,2026-07-02T15:08:09+00:00,5124474930,Mention not,10,LOW
msg_-1001474058642_478467,2026-07-02T15:07:26+00:00,5124474930,Ha,10,LOW
msg_-1001474058642_478464,2026-07-02T14:59:30+00:00,5493548328,Anyone have project management notes ?,10,LOW
msg_-1001474058642_478463,2026-07-02T14:53:37+00:00,5340457524,Nanoscience and nanotechnology imp,10,LOW
msg_-1001474058642_478461,2026-07-02T14:46:18+00:00,5309110845,I am sharing 'DOC-20260702-WA0010.' with you,10,LOW
msg_-1001474058642_478459,2026-07-02T14:37:58+00:00,7827887483,Konakade EPD cha solve paper asel tr plz send kra na,10,LOW
msg_-1001474058642_478454,2026-07-02T14:24:00+00:00,1574508903,Business Analytics notes,10,LOW
msg_-1001474058642_478453,2026-07-02T14:07:43+00:00,1430062963,🔥 S.E  **__Business Analytics__** (𝗠𝗜𝗖𝗥𝗢) By Karan 🔥  NOTE: DON'T BUY MY MICRO FROM RANDOM PERSON.  🎯 𝗔𝘀 𝗽𝗲𝗿 𝟮𝟬𝟮𝟰 𝗘𝘅𝗮𝗺 𝗣𝗮𝘁𝘁𝗲𝗿𝗻🎯   ✔️ 𝗖𝗮𝗿𝗲𝗳𝘂𝗹𝗹𝘆 𝗦𝗲𝗹𝗲𝗰𝘁𝗲𝗱 𝗜𝗠𝗣 𝗤𝘂𝗲𝘀𝘁𝗶𝗼𝗻𝘀    💰 ~~𝗢𝗥𝗜𝗚𝗜𝗡𝗔𝗟 𝗣𝗥𝗜𝗖𝗘: ₹79 ~~  🎉 𝗗𝗜𝗦𝗖𝗢𝗨𝗡𝗧𝗘𝗗 𝗣𝗥𝗜𝗖𝗘: ₹40 𝗢𝗡𝗟𝗬 🎉   D .m @Karan_Wankhade3,10,LOW
msg_-1001474058642_478451,2026-07-02T14:07:42+00:00,1430062963,🔥 S.E  **__Project management __** (𝗠𝗜𝗖𝗥𝗢) By Karan 🔥  NOTE: DON'T BUY MY MICRO FROM RANDOM PERSON.  🎯 𝗔𝘀 𝗽𝗲𝗿 𝟮𝟬𝟮𝟰 𝗘𝘅𝗮𝗺 𝗣𝗮𝘁𝘁𝗲𝗿𝗻🎯   ✔️ 𝗖𝗮𝗿𝗲𝗳𝘂𝗹𝗹𝘆 𝗦𝗲𝗹𝗲𝗰𝘁𝗲𝗱 𝗜𝗠𝗣 𝗤𝘂𝗲𝘀𝘁𝗶𝗼𝗻𝘀    💰 ~~𝗢𝗥𝗜𝗚𝗜𝗡𝗔𝗟 𝗣𝗥𝗜𝗖𝗘: ₹79 ~~  🎉 𝗗𝗜𝗦𝗖𝗢𝗨𝗡𝗧𝗘𝗗 𝗣𝗥𝗜𝗖𝗘: ₹40 𝗢𝗡𝗟𝗬 🎉   D .m @Karan_Wankhade3,10,LOW
msg_-1001474058642_478450,2026-07-02T14:05:24+00:00,5575209875,Iom imp,10,LOW
msg_-1001474058642_478449,2026-07-02T13:39:08+00:00,1511941178,...,10,LOW
msg_-1001474058642_478447,2026-07-02T13:34:27+00:00,5822548319,....,10,LOW
msg_-1001474058642_478444,2026-07-02T13:31:51+00:00,1430062963,🔥 S.E  **__Business Analytics__** (𝗠𝗜𝗖𝗥𝗢) By Karan 🔥  NOTE: DON'T BUY MY MICRO FROM RANDOM PERSON.  🎯 𝗔𝘀 𝗽𝗲𝗿 𝟮𝟬𝟮𝟰 𝗘𝘅𝗮𝗺 𝗣𝗮𝘁𝘁𝗲𝗿𝗻🎯   ✔️ 𝗖𝗮𝗿𝗲𝗳𝘂𝗹𝗹𝘆 𝗦𝗲𝗹𝗲𝗰𝘁𝗲𝗱 𝗜𝗠𝗣 𝗤𝘂𝗲𝘀𝘁𝗶𝗼𝗻𝘀    💰 ~~𝗢𝗥𝗜𝗚𝗜𝗡𝗔𝗟 𝗣𝗥𝗜𝗖𝗘: ₹79 ~~  🎉 𝗗𝗜𝗦𝗖𝗢𝗨𝗡𝗧𝗘𝗗 𝗣𝗥𝗜𝗖𝗘: ₹40 𝗢𝗡𝗟𝗬 🎉   D .m @Karan_Wankhade3,10,LOW
msg_-1001474058642_478443,2026-07-02T13:31:26+00:00,1430062963,🔥 S.E  **__IOM __** (𝗠𝗜𝗖𝗥𝗢) By Karan 🔥  NOTE: DON'T BUY MY MICRO FROM RANDOM PERSON.  🎯 𝗔𝘀 𝗽𝗲𝗿 𝟮𝟬𝟮𝟰 𝗘𝘅𝗮𝗺 𝗣𝗮𝘁𝘁𝗲𝗿𝗻🎯   ✔️ 𝗖𝗮𝗿𝗲𝗳𝘂𝗹𝗹𝘆 𝗦𝗲𝗹𝗲𝗰𝘁𝗲𝗱 𝗜𝗠𝗣 𝗤𝘂𝗲𝘀𝘁𝗶𝗼𝗻𝘀    💰 ~~𝗢𝗥𝗜𝗚𝗜𝗡𝗔𝗟 𝗣𝗥𝗜𝗖𝗘: ₹79 ~~  🎉 𝗗𝗜𝗦𝗖𝗢𝗨𝗡𝗧𝗘𝗗 𝗣𝗥𝗜𝗖𝗘: ₹40 𝗢𝗡𝗟𝗬 🎉   D .m @Karan_Wankhade3,10,LOW
msg_-1001474058642_478442,2026-07-02T13:29:25+00:00,1288135891,Konakade EPD cha paper aahe ka backlog attempt BE entc ?,10,LOW
msg_-1001474058642_478441,2026-07-02T13:28:11+00:00,5632341784,Business Analytics,10,LOW
msg_-1001474058642_478440,2026-07-02T13:28:08+00:00,5469574728,NO,10,LOW
msg_-1001474058642_478439,2026-07-02T13:27:56+00:00,5469574728,PROJECT MANG. BY VP TAKA,10,LOW
msg_-1001474058642_478435,2026-07-02T13:26:30+00:00,5632341784,Business Analytics micro,10,LOW
msg_-1001474058642_478434,2026-07-02T13:26:10+00:00,1430062963,🔥 S.E  **__IOM __** (𝗠𝗜𝗖𝗥𝗢) By Karan 🔥  NOTE: DON'T BUY MY MICRO FROM RANDOM PERSON.  🎯 𝗔𝘀 𝗽𝗲𝗿 𝟮𝟬𝟮𝟰 𝗘𝘅𝗮𝗺 𝗣𝗮𝘁𝘁𝗲𝗿𝗻🎯   ✔️ 𝗖𝗮𝗿𝗲𝗳𝘂𝗹𝗹𝘆 𝗦𝗲𝗹𝗲𝗰𝘁𝗲𝗱 𝗜𝗠𝗣 𝗤𝘂𝗲𝘀𝘁𝗶𝗼𝗻𝘀    💰 ~~𝗢𝗥𝗜𝗚𝗜𝗡𝗔𝗟 𝗣𝗥𝗜𝗖𝗘: ₹79 ~~  🎉 𝗗𝗜𝗦𝗖𝗢𝗨𝗡𝗧𝗘𝗗 𝗣𝗥𝗜𝗖𝗘: ₹40 𝗢𝗡𝗟𝗬 🎉   D .m @Karan_Wankhade3,10,LOW
msg_-1001474058642_478433,2026-07-02T13:24:51+00:00,8054202799,PPM,10,LOW
msg_-1001474058642_478432,2026-07-02T13:23:52+00:00,1487119472,EHV micro?,10,LOW
msg_-1001474058642_478429,2026-07-02T13:12:22+00:00,6205831898,haa,10,LOW
msg_-1001474058642_478428,2026-07-02T13:11:58+00:00,8726234661,Sppu syllabus for SE 2024 pattern,10,LOW
msg_-1001474058642_478424,2026-07-02T13:05:24+00:00,7487119923,Ppm imp,10,LOW
msg_-1001474058642_478423,2026-07-02T12:55:21+00:00,7703709474,Project management micro,10,LOW
msg_-1001474058642_478422,2026-07-02T12:37:47+00:00,6497181681,Chya micro taka plese,10,LOW
msg_-1001474058642_478421,2026-07-02T12:37:38+00:00,6497181681,Business analytical,10,LOW
msg_-1001474058642_478420,2026-07-02T12:35:55+00:00,5895071073,Bhailog aab college kab chalu hoga,10,LOW
msg_-1001474058642_478419,2026-07-02T12:34:28+00:00,8554387306,AES notes please,10,LOW
msg_-1001474058642_478418,2026-07-02T12:28:43+00:00,7968723051,Business analytics imp questions ahe ka kona kade,10,LOW
msg_-1001474058642_478417,2026-07-02T12:25:36+00:00,1430062963,🔥 S.E  **__Project management __** (𝗠𝗜𝗖𝗥𝗢) By Karan 🔥  NOTE: DON'T BUY MY MICRO FROM RANDOM PERSON.  🎯 𝗔𝘀 𝗽𝗲𝗿 𝟮𝟬𝟮𝟰 𝗘𝘅𝗮𝗺 𝗣𝗮𝘁𝘁𝗲𝗿𝗻🎯   ✔️ 𝗖𝗮𝗿𝗲𝗳𝘂𝗹𝗹𝘆 𝗦𝗲𝗹𝗲𝗰𝘁𝗲𝗱 𝗜𝗠𝗣 𝗤𝘂𝗲𝘀𝘁𝗶𝗼𝗻𝘀    💰 ~~𝗢𝗥𝗜𝗚𝗜𝗡𝗔𝗟 𝗣𝗥𝗜𝗖𝗘: ₹79 ~~  🎉 𝗗𝗜𝗦𝗖𝗢𝗨𝗡𝗧𝗘𝗗 𝗣𝗥𝗜𝗖𝗘: ₹40 𝗢𝗡𝗟𝗬 🎉   D .m @Karan_Wankhade3,10,LOW
msg_-1001474058642_478416,2026-07-02T12:20:58+00:00,1430062963,🔥 S.E  **__Project management __** (𝗠𝗜𝗖𝗥𝗢) By Karan 🔥  NOTE: DON'T BUY MY MICRO FROM RANDOM PERSON.  🎯 𝗔𝘀 𝗽𝗲𝗿 𝟮𝟬𝟮𝟰 𝗘𝘅𝗮𝗺 𝗣𝗮𝘁𝘁𝗲𝗿𝗻🎯   ✔️ 𝗖𝗮𝗿𝗲𝗳𝘂𝗹𝗹𝘆 𝗦𝗲𝗹𝗲𝗰𝘁𝗲𝗱 𝗜𝗠𝗣 𝗤𝘂𝗲𝘀𝘁𝗶𝗼𝗻𝘀    💰 ~~𝗢𝗥𝗜𝗚𝗜𝗡𝗔𝗟 𝗣𝗥𝗜𝗖𝗘: ₹79 ~~  🎉 𝗗𝗜𝗦𝗖𝗢𝗨𝗡𝗧𝗘𝗗 𝗣𝗥𝗜𝗖𝗘: ₹40 𝗢𝗡𝗟𝗬 🎉   D .m @Karan_Wankhade3,10,LOW
msg_-1001474058642_478415,2026-07-02T12:20:46+00:00,1430062963,🔥 S.E  **__Project management __** (𝗠𝗜𝗖𝗥𝗢) By Karan 🔥  NOTE: DON'T BUY MY MICRO FROM RANDOM PERSON.  🎯 𝗔𝘀 𝗽𝗲𝗿 𝟮𝟬𝟮𝟰 𝗘𝘅𝗮𝗺 𝗣𝗮𝘁𝘁𝗲𝗿𝗻🎯   ✔️ 𝗖𝗮𝗿𝗲𝗳𝘂𝗹𝗹𝘆 𝗦𝗲𝗹𝗲𝗰𝘁𝗲𝗱 𝗜𝗠𝗣 𝗤𝘂𝗲𝘀𝘁𝗶𝗼𝗻𝘀    💰 ~~𝗢𝗥𝗜𝗚𝗜𝗡𝗔𝗟 𝗣𝗥𝗜𝗖𝗘: ₹79 ~~  🎉 𝗗𝗜𝗦𝗖𝗢𝗨𝗡𝗧𝗘𝗗 𝗣𝗥𝗜𝗖𝗘: ₹40 𝗢𝗡𝗟𝗬 🎉   D .m @Karan_Wankhade3,10,LOW
msg_-1001474058642_478414,2026-07-02T12:18:43+00:00,1430062963,🔥 S.E  **__Project management __** (𝗠𝗜𝗖𝗥𝗢) By Karan 🔥  NOTE: DON'T BUY MY MICRO FROM RANDOM PERSON.  🎯 𝗔𝘀 𝗽𝗲𝗿 𝟮𝟬𝟮𝟰 𝗘𝘅𝗮𝗺 𝗣𝗮𝘁𝘁𝗲𝗿𝗻🎯   ✔️ 𝗖𝗮𝗿𝗲𝗳𝘂𝗹𝗹𝘆 𝗦𝗲𝗹𝗲𝗰𝘁𝗲𝗱 𝗜𝗠𝗣 𝗤𝘂𝗲𝘀𝘁𝗶𝗼𝗻𝘀    💰 ~~𝗢𝗥𝗜𝗚𝗜𝗡𝗔𝗟 𝗣𝗥𝗜𝗖𝗘: ₹79 ~~  🎉 𝗗𝗜𝗦𝗖𝗢𝗨𝗡𝗧𝗘𝗗 𝗣𝗥𝗜𝗖𝗘: ₹40 𝗢𝗡𝗟𝗬 🎉   D .m @Karan_Wankhade3,10,LOW
msg_-1001474058642_478413,2026-07-02T12:17:37+00:00,8994224249,?,10,LOW
msg_-1001474058642_478412,2026-07-02T12:16:12+00:00,8829755163,TE 2019 PATTERN tentative result date?,10,LOW
msg_-1001474058642_478411,2026-07-02T12:13:49+00:00,1430062963,🔥 S.E  **__Business Analytics__** (𝗠𝗜𝗖𝗥𝗢) By Karan 🔥  NOTE: DON'T BUY MY MICRO FROM RANDOM PERSON.  🎯 𝗔𝘀 𝗽𝗲𝗿 𝟮𝟬𝟮𝟰 𝗘𝘅𝗮𝗺 𝗣𝗮𝘁𝘁𝗲𝗿𝗻🎯   ✔️ 𝗖𝗮𝗿𝗲𝗳𝘂𝗹𝗹𝘆 𝗦𝗲𝗹𝗲𝗰𝘁𝗲𝗱 𝗜𝗠𝗣 𝗤𝘂𝗲𝘀𝘁𝗶𝗼𝗻𝘀    💰 ~~𝗢𝗥𝗜𝗚𝗜𝗡𝗔𝗟 𝗣𝗥𝗜𝗖𝗘: ₹79 ~~  🎉 𝗗𝗜𝗦𝗖𝗢𝗨𝗡𝗧𝗘𝗗 𝗣𝗥𝗜𝗖𝗘: ₹40 𝗢𝗡𝗟𝗬 🎉   D .m @Karan_Wankhade3,10,LOW
msg_-1001474058642_478400,2026-07-02T12:00:26+00:00,6835204684,Mobile computing micro please send me,10,LOW
msg_-1001474058642_478399,2026-07-02T11:58:43+00:00,6835204684,?,10,LOW
msg_-1001474058642_478398,2026-07-02T11:56:09+00:00,5443495442,Iom,10,LOW
msg_-1001474058642_478397,2026-07-02T11:50:06+00:00,7737247520,2025,10,LOW
msg_-1001474058642_478395,2026-07-02T11:48:58+00:00,7737247520,DL che pyq ?,10,LOW
msg_-1001474058642_478394,2026-07-02T11:48:43+00:00,6417921027,Business analystics micro,10,LOW
msg_-1001474058642_478393,2026-07-02T11:48:16+00:00,6417921027,Business analyst micro,10,LOW
msg_-1001474058642_478390,2026-07-02T11:28:09+00:00,6573498209,😭😭,10,LOW
msg_-1001474058642_478389,2026-07-02T11:24:23+00:00,6544481541,Has anyone bought this,10,LOW
msg_-1001474058642_478387,2026-07-02T10:58:29+00:00,8474866527,IOM micro plzz,10,LOW
msg_-1001474058642_478386,2026-07-02T10:53:18+00:00,8994224249,Project management IMP??,10,LOW
msg_-1001474058642_478385,2026-07-02T10:49:27+00:00,5207515503,Project management,10,LOW
msg_-1001474058642_478384,2026-07-02T10:46:21+00:00,1574508903,Business Analytics notes ?????,10,LOW
msg_-1001474058642_478383,2026-07-02T10:39:19+00:00,6573498209,Business analytics micro,10,LOW
msg_-1001474058642_478368,2026-07-02T10:25:45+00:00,5521487293,??,10,LOW
msg_-1001474058642_478367,2026-07-02T10:22:00+00:00,6835204684,Mobile computing micro please send me,10,LOW
msg_-1001474058642_478366,2026-07-02T10:14:36+00:00,8054202799,PPM micro,10,LOW
msg_-1001474058642_478365,2026-07-02T10:12:30+00:00,1212192261,AES micro asel tr send kara,10,LOW
msg_-1001474058642_478363,2026-07-02T09:33:52+00:00,7676498785,Financial management notes,10,LOW
msg_-1001474058642_478362,2026-07-02T09:17:16+00:00,8474866527,IOM micro,10,LOW
msg_-1001474058642_478360,2026-07-02T09:08:47+00:00,6748196417,BERD notes ?,10,LOW
msg_-1001474058642_478359,2026-07-02T08:29:54+00:00,1773944095,Ot,10,LOW
msg_-1001474058642_478358,2026-07-02T08:27:06+00:00,5822548319,IOM micro,10,LOW
msg_-1001474058642_478357,2026-07-02T08:17:14+00:00,5506858208,Java language kr nots hai kya,10,LOW
msg_-1001474058642_478356,2026-07-02T08:09:32+00:00,7968723051,Business analytics imp questions,10,LOW
msg_-1001474058642_478355,2026-07-02T08:02:37+00:00,7689028917,Buisness Essential for Rural Development micro,10,LOW
msg_-1001474058642_478342,2026-07-02T07:35:04+00:00,1914344564,Business analytics micro,10,LOW
msg_-1001474058642_478341,2026-07-02T07:35:02+00:00,1990509884,Cseds syllabus send karo,10,LOW
msg_-1001474058642_478340,2026-07-02T07:24:17+00:00,7646585089,Project management,10,LOW
msg_-1001474058642_478336,2026-07-02T07:23:25+00:00,7512176363,Ot imp,10,LOW
msg_-1001474058642_478332,2026-07-02T07:16:15+00:00,6143607548,Pm micro,10,LOW
msg_-1001474058642_478313,2026-07-02T07:06:11+00:00,948754097,PM micro (Ws).pdf,10,LOW
msg_-1001474058642_478312,2026-07-02T07:02:36+00:00,8934387357,Project management imp,10,LOW
msg_-1001474058642_478311,2026-07-02T07:00:31+00:00,1729978762,Dbms lab manual ho to send karo,10,LOW
msg_-1001474058642_478309,2026-07-02T06:58:16+00:00,8633491042,Send Financial Management pdf,10,LOW
msg_-1001474058642_478307,2026-07-02T06:43:15+00:00,5660236356,PRINCIPLES AND PRACTICES OF MANAGEMENT imp ho to send kro,10,LOW
msg_-1001474058642_478306,2026-07-02T06:42:30+00:00,6038110592,IOM nots please,10,LOW
msg_-1001474058642_478304,2026-07-02T06:36:56+00:00,6038110592,Industrial organization management notes..??,10,LOW
msg_-1001474058642_478299,2026-07-02T05:57:56+00:00,1729978762,Please send DBMS Lab manual 2024course ENTC,10,LOW
msg_-1001474058642_478297,2026-07-02T05:54:04+00:00,6680950950,Pm micro please,10,LOW
msg_-1001474058642_478291,2026-07-02T05:07:42+00:00,8133691332,Pm imp questions aahet ka,10,LOW
msg_-1001474058642_478287,2026-07-02T04:47:55+00:00,5966329434,?,10,LOW
msg_-1001474058642_478286,2026-07-02T04:47:52+00:00,5966329434,Project management notes,10,LOW
msg_-1001474058642_478284,2026-07-02T04:27:10+00:00,8106773379,Business analytics imp,10,LOW
msg_-1001474058642_478282,2026-07-02T04:21:11+00:00,6405491205,Financial management che micro or decode ahe ka konakade,10,LOW
msg_-1001474058642_478281,2026-07-02T04:00:10+00:00,1165804091,Project mangement imp questions,10,LOW
msg_-1001474058642_478280,2026-07-02T03:56:52+00:00,7684744901,👆,10,LOW
msg_-1001474058642_478276,2026-07-02T03:06:33+00:00,6192981147,.,10,LOW
msg_-1001474058642_478274,2026-07-02T02:43:53+00:00,5785547669,APC micro Details,10,LOW
msg_-1001474058642_478273,2026-07-02T02:26:11+00:00,8554387306,Alternate Energy System notes astil tr provide kara na,10,LOW
msg_-1001474058642_478241,2026-07-01T17:34:53+00:00,5822548319,Industrial organization management cha micro,10,LOW
msg_-1001474058642_478237,2026-07-01T16:46:44+00:00,1322712733,Bhai mile toh mujhe bhi dena,10,LOW
msg_-1001474058642_478236,2026-07-01T16:29:25+00:00,1281270120,Deep learning micro notes?,10,LOW
msg_-1001474058642_478234,2026-07-01T15:57:05+00:00,6510782733,Project management notes,10,LOW
msg_-1001474058642_478228,2026-07-01T15:22:14+00:00,5712499808,Hey ?,10,LOW
msg_-1001474058642_478227,2026-07-01T15:21:40+00:00,5712499808,Hey,10,LOW
msg_-1001474058642_478226,2026-07-01T15:19:46+00:00,5712499808,Can anyone send me se 2024 syllabus entc please ?,10,LOW
msg_-1001474058642_478225,2026-07-01T15:19:06+00:00,5712499808,I have a doubt that after these backlog of 2019 pattern fe then for se there will be 2024 pattern,10,LOW
msg_-1001474058642_478224,2026-07-01T15:19:04+00:00,1709615395,EPD entc be may 2026 cha question paper ahe ka konakde,10,LOW
msg_-1001474058642_478223,2026-07-01T15:18:07+00:00,6470276623,Please send Project Management notes,10,LOW
msg_-1001474058642_478222,2026-07-01T15:04:18+00:00,6984557686,Pls give me project management imp questions,10,LOW
msg_-1001474058642_478220,2026-07-01T15:01:23+00:00,1624721290,Buisness analytics syllabus plz,10,LOW
msg_-1001474058642_478201,2026-07-01T14:47:25+00:00,8656427489,Project management chy notes patava,10,LOW
msg_-1001474058642_478199,2026-07-01T14:10:13+00:00,7425170394,Nope you will have your pattern continued,10,LOW
msg_-1001474058642_478198,2026-07-01T14:09:55+00:00,7676498785,Financial management micro,10,LOW
msg_-1001474058642_478195,2026-07-01T14:05:40+00:00,6610605183,.,10,LOW
msg_-1001474058642_478194,2026-07-01T14:05:27+00:00,6610605183,Brr,10,LOW
msg_-1001474058642_478191,2026-07-01T14:04:01+00:00,6610605183,Project management(electrical dept) che syllabus ss send kara koni tari,10,LOW
msg_-1001474058642_478190,2026-07-01T13:51:21+00:00,5236886066,Project management notes?,10,LOW
msg_-1001474058642_478189,2026-07-01T13:32:57+00:00,1612732331,Project management notes ??,10,LOW
msg_-1001474058642_478188,2026-07-01T13:31:16+00:00,6506364054,principle and practices of management (PPM) Notes Micro,10,LOW
msg_-1001474058642_478187,2026-07-01T13:30:56+00:00,6506364054,principle and practices of management (PPM) Notes Please,10,LOW
msg_-1001474058642_478186,2026-07-01T13:29:35+00:00,1937500721,Project management imps please,10,LOW
msg_-1001474058642_478185,2026-07-01T13:27:46+00:00,1322703465,PPM imp questions,10,LOW
msg_-1001474058642_478184,2026-07-01T13:22:05+00:00,5040271489,Project management question bank plz,10,LOW
msg_-1001474058642_478183,2026-07-01T13:18:37+00:00,5078493773,Project management micro,10,LOW
msg_-1001474058642_478182,2026-07-01T13:11:03+00:00,5710668651,Business analytics syllabus send,10,LOW
msg_-1001474058642_478181,2026-07-01T13:10:06+00:00,5200444589,Deep learning decode,10,LOW
msg_-1001474058642_478180,2026-07-01T13:08:37+00:00,6308476181,IOM notes send plz,10,LOW
msg_-1001474058642_478179,2026-07-01T13:02:51+00:00,1934684445,Please share FINANCIAL MANAGEMENT notes,10,LOW
msg_-1001474058642_478178,2026-07-01T12:43:14+00:00,1225047567,Yes please question bank,10,LOW
msg_-1001474058642_478177,2026-07-01T12:42:11+00:00,7591979589,Financial management syllabus? Anyone,10,LOW
msg_-1001474058642_478176,2026-07-01T12:14:58+00:00,5985647945,Hello everyone!  I hope you're all doing well. I'm a newly admitted international student at SPPU.  Could anyone please share the WhatsApp number (or any contact details) of the International Relations Office/International Students Office? I need to contact them regarding some admission and visa-related procedures that are still pending.  I'd really appreciate your help. Thank you in advance!,10,LOW
msg_-1001474058642_478175,2026-07-01T12:08:45+00:00,8362891674,Dsp?,10,LOW
msg_-1001474058642_478174,2026-07-01T11:59:22+00:00,7227894795,Adbms micro send please,10,LOW
msg_-1001474058642_478173,2026-07-01T11:58:02+00:00,7227894795,Adbms micro send please,10,LOW
msg_-1001474058642_478172,2026-07-01T11:39:13+00:00,8389212113,Business analytics micro,10,LOW
msg_-1001474058642_478170,2026-07-01T11:15:09+00:00,8723347279,Project management imp,10,LOW
msg_-1001474058642_478168,2026-07-01T10:53:20+00:00,1654958646,Project management imp anyone?,10,LOW
msg_-1001474058642_478167,2026-07-01T10:53:20+00:00,8739704042,Project management micro pdf,10,LOW
msg_-1001474058642_478163,2026-07-01T10:50:17+00:00,5424260232,Construction management chat notes or micro send,10,LOW
msg_-1001474058642_478162,2026-07-01T10:44:30+00:00,2003807685,Iot micro ???,10,LOW
msg_-1001474058642_478161,2026-07-01T10:42:28+00:00,8471241423,Project management chay notes or micro pathva,10,LOW
msg_-1001474058642_478160,2026-07-01T10:38:06+00:00,2003807685,.,10,LOW
msg_-1001474058642_478159,2026-07-01T10:27:42+00:00,5712499808,Koi tari reply kra,10,LOW
msg_-1001474058642_478158,2026-07-01T09:59:23+00:00,2065641687,Pls send  Or notes ??,10,LOW
msg_-1001474058642_478157,2026-07-01T09:46:08+00:00,7466243293,BERD micro,10,LOW
msg_-1001474058642_478149,2026-07-01T09:33:01+00:00,5712499808,I have a doubt that after these backlog of 2019 pattern fe then for se there will be 2024 pattern,10,LOW
msg_-1001474058642_478148,2026-07-01T08:56:14+00:00,7634286852,Project Management Study Material Asel te taka,10,LOW
msg_-1001474058642_478147,2026-07-01T08:45:51+00:00,1858159094,Project management notes,10,LOW
msg_-1001474058642_478140,2026-07-01T08:25:43+00:00,1500087377,dsp micro,10,LOW
msg_-1001474058642_478139,2026-07-01T08:24:24+00:00,6506364054,principle and practices of management (PPM) Notes,10,LOW
msg_-1001474058642_478137,2026-07-01T08:17:05+00:00,8723746898,Financial Management notes and imp send Kara,10,LOW
msg_-1001474058642_478135,2026-07-01T08:06:15+00:00,6405491205,Financial management che micro or decode ahe ka konakade,10,LOW
msg_-1001474058642_478134,2026-07-01T08:05:11+00:00,7539747789,PPM micro taka,10,LOW
msg_-1001474058642_478133,2026-07-01T08:04:29+00:00,5193025784,Project management notes and imp send Kara,10,LOW
msg_-1001474058642_478132,2026-07-01T07:58:45+00:00,8723746898,Open Elective Syllabus aahe ka ?,10,LOW
msg_-1001474058642_478131,2026-07-01T07:56:17+00:00,1986955321,Spm,10,LOW
msg_-1001474058642_478129,2026-07-01T07:49:47+00:00,6115125606,PPM notes,10,LOW
msg_-1001474058642_478125,2026-07-01T07:30:30+00:00,5424260232,Te chalu ahe,10,LOW
msg_-1001474058642_478121,2026-07-01T07:29:03+00:00,5424260232,Send,10,LOW
msg_-1001474058642_478119,2026-07-01T07:28:40+00:00,1773944095,OPTIMIZATION TECHNIQUES imp questions,10,LOW
msg_-1001474058642_478116,2026-07-01T07:27:42+00:00,5424260232,Send,10,LOW
msg_-1001474058642_478115,2026-07-01T07:27:30+00:00,5424260232,2019 pattern cm micro,10,LOW
msg_-1001474058642_478114,2026-07-01T07:27:04+00:00,999770198,Business analytics,10,LOW
msg_-1001474058642_478111,2026-07-01T06:47:12+00:00,1628787122,ADBMS TE 2019 Pattern Micro Send Please !!!,10,LOW
msg_-1001474058642_478110,2026-07-01T06:44:53+00:00,7955014197,Kiska Computer Network back tha kya,10,LOW
msg_-1001474058642_478099,2026-07-01T05:59:04+00:00,1944826824,Pm,10,LOW
msg_-1001474058642_478098,2026-07-01T05:59:00+00:00,1944826824,Project management imp,10,LOW
msg_-1001474058642_478097,2026-07-01T05:48:16+00:00,1322712733,Please send someone,10,LOW
msg_-1001474058642_478096,2026-07-01T05:48:11+00:00,1322712733,Plc micro,10,LOW
msg_-1001474058642_478095,2026-07-01T05:48:05+00:00,1322712733,Bhetle ka,10,LOW
msg_-1001474058642_478094,2026-07-01T05:48:01+00:00,1322712733,Bhetle ka,10,LOW
msg_-1001474058642_478093,2026-07-01T05:42:07+00:00,1322712733,Bhai plc send kro,10,LOW
msg_-1001474058642_478092,2026-07-01T05:36:04+00:00,2003807685,Anyone have iot micro plz send ?!,10,LOW
msg_-1001474058642_478088,2026-07-01T04:41:32+00:00,5673093112,IT,10,LOW
msg_-1001474058642_478086,2026-07-01T04:41:10+00:00,5673093112,EVS paper,10,LOW
msg_-1001474058642_478084,2026-07-01T04:31:10+00:00,1402726595,?,10,LOW
msg_-1001474058642_478080,2026-07-01T03:45:30+00:00,8723347279,Essd microo,10,LOW
msg_-1001474058642_478076,2026-07-01T02:40:04+00:00,8822151098,Hi,10,LOW
msg_-1001474058642_478069,2026-07-01T01:39:10+00:00,2082382349,"Guys, can we do something about the fact that second years aren't getting any holidays? Maybe if we all bring it up together, it'll make a difference.",10,LOW
msg_-1001474058642_478022,2026-06-30T17:46:45+00:00,1757447080,EVS MICRO?,10,LOW
msg_-1001474058642_478018,2026-06-30T17:24:00+00:00,5158946321,Micro ahe ka yarr environment che,10,LOW
msg_-1001474058642_478017,2026-06-30T17:14:23+00:00,8135364747,Please,10,LOW
msg_-1001474058642_478016,2026-06-30T17:14:17+00:00,8135364747,Mechanical engineering all units notes,10,LOW
msg_-1001474058642_478013,2026-06-30T16:43:53+00:00,6388321295,Multimedia technology?,10,LOW
msg_-1001474058642_478011,2026-06-30T16:40:05+00:00,5529127198,PLC SCADA micro lpzzzz,10,LOW
msg_-1001474058642_478006,2026-06-30T16:26:09+00:00,1574508903,EA notes ?,10,LOW
msg_-1001474058642_478004,2026-06-30T16:23:26+00:00,7466243293,EVS Micro,10,LOW
msg_-1001474058642_478001,2026-06-30T16:05:35+00:00,5834744980,Environment k notes,10,LOW
msg_-1001474058642_478000,2026-06-30T16:05:15+00:00,5298425904,Most welcome Jay Kale☺️,10,LOW
msg_-1001474058642_477999,2026-06-30T15:59:50+00:00,6198314165,"Thank you Rudresh ♥️  I just wanted to say a big thank you for sharing the cheat sheets with the group. It was very kind and thoughtful of you to take the time to prepare and share them with everyone. Your effort helped us revise important topics quickly and made studying much easier.  Your willingness to support the whole group shows your generosity and team spirit. Many of us benefited from your notes, and they helped us feel more confident during our preparation.  Once again, thank you for your kindness, hard work, and support. We truly appreciate everything you did for the group. Wishing you all the best in your exams and future success!",10,LOW
msg_-1001474058642_477989,2026-06-30T15:41:41+00:00,6497181681,Environmental awareness study material or micro send plese,10,LOW
msg_-1001474058642_477988,2026-06-30T15:25:53+00:00,6811667245,ESSD send please,10,LOW
msg_-1001474058642_477987,2026-06-30T15:15:03+00:00,1475994223,Multimedia Technology questions paper also,10,LOW
msg_-1001474058642_477986,2026-06-30T15:14:50+00:00,1475994223,Multimedia Technology micro,10,LOW
msg_-1001474058642_477984,2026-06-30T15:09:36+00:00,7551531698,ESSD MICRO by VP,10,LOW
msg_-1001474058642_477983,2026-06-30T15:08:18+00:00,8829755163,TE 2019 pattern tentative result dates?,10,LOW
msg_-1001474058642_477980,2026-06-30T15:01:00+00:00,8659863237,EVS micro PDF,10,LOW
msg_-1001474058642_477979,2026-06-30T14:58:52+00:00,6575384403,Imp evs,10,LOW
msg_-1001474058642_477976,2026-06-30T14:56:59+00:00,6681241311,Unitwise notes,10,LOW
msg_-1001474058642_477973,2026-06-30T14:56:05+00:00,6681241311,Notes of  digital electronics and logic design,10,LOW
msg_-1001474058642_477963,2026-06-30T14:37:35+00:00,5156798009,Send micro,10,LOW
msg_-1001474058642_477961,2026-06-30T14:17:17+00:00,6366539594,Yess,10,LOW
msg_-1001474058642_477959,2026-06-30T13:50:47+00:00,5677974761,Environmental awareness micro taka,10,LOW
msg_-1001474058642_477946,2026-06-30T13:19:09+00:00,7703709474,EVS MICRO,10,LOW
msg_-1001474058642_477935,2026-06-30T13:05:21+00:00,1322712733,Plc micro notes  Please send someone,10,LOW
msg_-1001474058642_477934,2026-06-30T12:49:12+00:00,8554387306,plc micro please,10,LOW
msg_-1001474058642_477932,2026-06-30T12:40:52+00:00,8145124283,EVS imp,10,LOW
msg_-1001474058642_477924,2026-06-30T11:40:36+00:00,8659863237,EVS micro,10,LOW
msg_-1001474058642_477923,2026-06-30T11:39:14+00:00,7555685418,konakade notes,10,LOW
msg_-1001474058642_477922,2026-06-30T11:39:08+00:00,7555685418,it cha vegla ahe ani comp cha vegla ahe syllabus so it cha ahe ka?,10,LOW
msg_-1001474058642_477908,2026-06-30T10:49:18+00:00,8185489596,Unit 3.pdf,10,LOW
msg_-1001474058642_477907,2026-06-30T10:49:18+00:00,8185489596,I am sharing 'unit 4' with you,10,LOW
msg_-1001474058642_477906,2026-06-30T10:49:17+00:00,8185489596,UNIT 1.pdf,10,LOW
msg_-1001474058642_477905,2026-06-30T10:49:16+00:00,8185489596,Environmental Awarness Sppu 2024 Pattern Imp Questions,10,LOW
msg_-1001474058642_477896,2026-06-30T10:30:38+00:00,1847441713,EVs paper pattern?,10,LOW
msg_-1001474058642_477889,2026-06-30T09:44:27+00:00,8632087031,Heyy,10,LOW
msg_-1001474058642_477882,2026-06-30T09:17:16+00:00,8656427489,Envarmet chy notes patava,10,LOW
msg_-1001474058642_477880,2026-06-30T09:01:48+00:00,1321417679,Send please,10,LOW
msg_-1001474058642_477878,2026-06-30T08:58:09+00:00,6820346591,Yes,10,LOW
msg_-1001474058642_477864,2026-06-30T08:06:44+00:00,1716360795,Pyq,10,LOW
msg_-1001474058642_477863,2026-06-30T07:58:21+00:00,6308476181,Eaee micro plz,10,LOW
msg_-1001474058642_477858,2026-06-30T07:38:20+00:00,6680950950,EVs micro please,10,LOW
msg_-1001474058642_477848,2026-06-30T07:21:13+00:00,1015951521,Anyone have backlogs attempt question paper of MIOT and EPD,10,LOW
msg_-1001474058642_477842,2026-06-30T07:05:28+00:00,6935226370,Any girl from Sinhgad College mechanical branch ??,10,LOW
msg_-1001474058642_477841,2026-06-30T07:03:12+00:00,7342512124,Hi,10,LOW
msg_-1001474058642_477836,2026-06-30T06:48:44+00:00,7408067207,EA*,10,LOW
msg_-1001474058642_477835,2026-06-30T06:48:37+00:00,7408067207,Unit 3 Q&A,10,LOW
msg_-1001474058642_477830,2026-06-30T06:44:23+00:00,6089987047,Send pls,10,LOW
msg_-1001474058642_477829,2026-06-30T06:43:02+00:00,6820346591,Any have EVs imp,10,LOW
msg_-1001474058642_477826,2026-06-30T06:41:44+00:00,6820346591,Avilable,10,LOW
msg_-1001474058642_477822,2026-06-30T06:40:54+00:00,6820346591,EVS,10,LOW
msg_-1001474058642_477816,2026-06-30T06:32:59+00:00,8543037961,Please send urgently,10,LOW
msg_-1001474058642_477813,2026-06-30T06:25:57+00:00,8268838705,Environment chi micro send kara na,10,LOW
msg_-1001474058642_477812,2026-06-30T06:23:44+00:00,5596881086,ESSD IMP,10,LOW
msg_-1001474058642_477811,2026-06-30T06:23:26+00:00,5596881086,Hey,10,LOW
msg_-1001474058642_477807,2026-06-30T06:06:29+00:00,2065641687,Guys  4th year decode ??  2019 pattern,10,LOW
msg_-1001474058642_477805,2026-06-30T05:59:29+00:00,5125837461,If Does anyone have send it pls!!,10,LOW
msg_-1001474058642_477791,2026-06-30T05:02:14+00:00,1225047567,That's why i was asking,10,LOW
msg_-1001474058642_477790,2026-06-30T05:02:02+00:00,1225047567,I needed environmental awareness but i cant see it as it's a new subject i think,10,LOW
msg_-1001474058642_477789,2026-06-30T04:59:13+00:00,7551531698,ESSD pdf by VP,10,LOW
msg_-1001474058642_477783,2026-06-30T04:13:36+00:00,5977962222,Environment avaraness notes,10,LOW
msg_-1001474058642_477782,2026-06-30T04:09:10+00:00,5977962222,Please send environment avaraness notes,10,LOW
msg_-1001474058642_477776,2026-06-30T03:53:46+00:00,8814866964,EVS imp questions ⁉️,10,LOW
msg_-1001474058642_477775,2026-06-30T03:52:35+00:00,8814866964,Environmental studies imp questions ⁉️,10,LOW
msg_-1001474058642_477774,2026-06-30T03:48:27+00:00,8750076876,Which one you have to want....,10,LOW
msg_-1001474058642_477773,2026-06-30T03:47:57+00:00,8750076876,"Search kra all subjects, all branches and all years notes are uploaded on the channel",10,LOW
msg_-1001474058642_477772,2026-06-30T03:34:43+00:00,1225047567,Pls send questions bank of notes if anyone have ...,10,LOW
msg_-1001474058642_477767,2026-06-30T03:15:00+00:00,7858753741,Hii,10,LOW
msg_-1001474058642_477747,2026-06-29T17:30:57+00:00,6826643229,Essd notes,10,LOW
msg_-1001474058642_477746,2026-06-29T17:28:20+00:00,1225047567,Notes,10,LOW
msg_-1001474058642_477745,2026-06-29T17:28:16+00:00,1225047567,Environmental awareness important pls,10,LOW
msg_-1001474058642_477738,2026-06-29T15:39:26+00:00,8471241423,Environment awareness 2024 pattern please send notes,10,LOW
msg_-1001474058642_477701,2026-06-29T14:35:33+00:00,1526577483,?,10,LOW
msg_-1001474058642_477697,2026-06-29T14:34:11+00:00,6740383248,ESSD Notes,10,LOW
msg_-1001474058642_477695,2026-06-29T14:12:27+00:00,6089987047,Pls send Environmental studies Micro,10,LOW
msg_-1001474058642_477694,2026-06-29T14:10:55+00:00,8739704042,EAEE micro pdf,10,LOW
msg_-1001474058642_477693,2026-06-29T14:02:48+00:00,8502057595,Send please,10,LOW
msg_-1001474058642_477690,2026-06-29T13:58:11+00:00,8502057595,Electrical installation design and condition ba micro,10,LOW
msg_-1001474058642_477682,2026-06-29T13:47:24+00:00,7327900619,EVs notes,10,LOW
msg_-1001474058642_477681,2026-06-29T13:43:53+00:00,6963546865,EVS imp,10,LOW
msg_-1001474058642_477680,2026-06-29T13:38:49+00:00,1994138204,Micro for environment awareness?,10,LOW
msg_-1001474058642_477679,2026-06-29T13:32:58+00:00,1654958646,Environmental studies imp please anybody??,10,LOW
msg_-1001474058642_477677,2026-06-29T13:20:32+00:00,5158946321,Environmental studies che imp taka yarr,10,LOW
msg_-1001474058642_477676,2026-06-29T13:13:05+00:00,6650606345,Environmental studies imp questions?,10,LOW
msg_-1001474058642_477668,2026-06-29T12:46:28+00:00,6269388740,Environment awareness micro,10,LOW
msg_-1001474058642_477667,2026-06-29T12:32:46+00:00,8462115183,MIot,10,LOW
msg_-1001474058642_477665,2026-06-29T12:05:09+00:00,8124745927,Environment studies important questions AIML .,10,LOW
msg_-1001474058642_477663,2026-06-29T11:47:30+00:00,8222664329,CNS micro please,10,LOW
msg_-1001474058642_477662,2026-06-29T11:36:58+00:00,1315007181,Send plz,10,LOW
msg_-1001474058642_477660,2026-06-29T11:36:56+00:00,1315007181,PYQ,10,LOW
msg_-1001474058642_477659,2026-06-29T11:35:27+00:00,1315007181,Power quality management question paper,10,LOW
msg_-1001474058642_477658,2026-06-29T11:32:41+00:00,5380894978,"Konakade CNS backlog attempt cha paper aahe ka, 29 may la jhalela",10,LOW
msg_-1001474058642_477657,2026-06-29T11:25:53+00:00,8938786654,Environment awareness,10,LOW
msg_-1001474058642_477656,2026-06-29T11:14:48+00:00,8750076876,Deep learning nahi ka konakde,10,LOW
msg_-1001474058642_477650,2026-06-29T10:18:21+00:00,6308476181,Environment awareness notes plz,10,LOW
msg_-1001474058642_477648,2026-06-29T09:57:56+00:00,5660236356,Environmental Studie,10,LOW
msg_-1001474058642_477646,2026-06-29T09:02:29+00:00,7634286852,Environmental Studies khii asel trr takaa..,10,LOW
msg_-1001474058642_477641,2026-06-29T06:48:41+00:00,6651849448,EVS micro,10,LOW
msg_-1001474058642_477639,2026-06-29T06:21:47+00:00,8822151098,Hi,10,LOW
msg_-1001474058642_477638,2026-06-29T06:21:08+00:00,5534976286,Iot paper se comp,10,LOW
msg_-1001474058642_477634,2026-06-29T04:55:17+00:00,7243962497,Oop,10,LOW
msg_-1001474058642_477632,2026-06-29T04:40:44+00:00,5358528810,Human Computer Interaction chi question paper aahe ka ji atta zhali (TE IT 2019 PATTERN),10,LOW
msg_-1001474058642_477629,2026-06-29T03:52:26+00:00,5083380715,Oops micro,10,LOW
msg_-1001474058642_477626,2026-06-29T03:43:58+00:00,5083380715,Oops micro,10,LOW
msg_-1001474058642_477625,2026-06-29T03:34:42+00:00,5636627851,Iot micro please,10,LOW
msg_-1001474058642_477619,2026-06-29T03:12:05+00:00,1574508903,Oop micro,10,LOW
msg_-1001474058642_477618,2026-06-29T03:03:27+00:00,1350643814,Source by shetty sir,10,LOW
msg_-1001474058642_477617,2026-06-29T03:03:20+00:00,1350643814,BE 2019 pattern result 15 july ke phele aa jayega,10,LOW
msg_-1001474058642_477616,2026-06-29T02:50:13+00:00,7466243293,PA micro password please...🙏🏻,10,LOW
msg_-1001474058642_477615,2026-06-29T02:38:01+00:00,6157454847,Rmt insem notes,10,LOW
msg_-1001474058642_477613,2026-06-29T02:23:37+00:00,6086340327,Geology micro,10,LOW
msg_-1001474058642_477612,2026-06-29T02:08:14+00:00,8891531823,Yess,10,LOW
msg_-1001474058642_477610,2026-06-29T01:50:23+00:00,6036652613,Yes,10,LOW
msg_-1001474058642_477548,2026-06-28T18:07:56+00:00,7783383117,Embedded system imp questions,10,LOW
msg_-1001474058642_477547,2026-06-28T18:07:45+00:00,1574508903,Oop micro,10,LOW
msg_-1001474058642_477546,2026-06-28T18:05:28+00:00,7783383117,Aids 2024 pattern  embedded system che important questions ahet ka,10,LOW
msg_-1001474058642_477538,2026-06-28T17:48:13+00:00,5661679729,🌚,10,LOW
msg_-1001474058642_477536,2026-06-28T17:45:03+00:00,5140995162,Oops micro pls send,10,LOW
msg_-1001474058642_477533,2026-06-28T17:36:38+00:00,5427588261,IOT micro please,10,LOW
msg_-1001474058642_477525,2026-06-28T17:15:29+00:00,2127706614,Fdml micro,10,LOW
msg_-1001474058642_477515,2026-06-28T17:04:38+00:00,8816016800,Micro,10,LOW
msg_-1001474058642_477514,2026-06-28T17:04:30+00:00,8816016800,Hi,10,LOW
msg_-1001474058642_477510,2026-06-28T16:53:15+00:00,7780926111,Pathv ki,10,LOW
msg_-1001474058642_477509,2026-06-28T16:50:13+00:00,5003478349,Microcontroller cha micro aahet ka konakde ?,10,LOW
msg_-1001474058642_477506,2026-06-28T16:29:18+00:00,5661679729,Oops micro,10,LOW
msg_-1001474058642_477505,2026-06-28T16:19:02+00:00,6680950950,Iot micro please,10,LOW
msg_-1001474058642_477503,2026-06-28T16:11:13+00:00,1450656580,Fdsml Micro,10,LOW
msg_-1001474058642_477493,2026-06-28T16:00:48+00:00,8041920682,Free nahi he kya,10,LOW
msg_-1001474058642_477490,2026-06-28T15:37:00+00:00,6414187803,Embedded system micro,10,LOW
msg_-1001474058642_477489,2026-06-28T15:36:27+00:00,5914393037,Be result when?,10,LOW
msg_-1001474058642_477488,2026-06-28T15:34:35+00:00,8041920682,Pathav na mg,10,LOW
msg_-1001474058642_477486,2026-06-28T15:26:49+00:00,1203772833,Copya karaychyat kay,10,LOW
msg_-1001474058642_477474,2026-06-28T15:13:16+00:00,6249944190,IOT MICRO,10,LOW
msg_-1001474058642_477471,2026-06-28T15:04:42+00:00,8438769129,Oop micro,10,LOW
msg_-1001474058642_477462,2026-06-28T14:55:49+00:00,5384614196,ES micro?,10,LOW
msg_-1001474058642_477460,2026-06-28T14:33:52+00:00,7004356032,Asal tar taka mitranno,10,LOW
msg_-1001474058642_477458,2026-06-28T14:32:36+00:00,7004356032,Kona kad,10,LOW
msg_-1001474058642_477457,2026-06-28T14:32:30+00:00,7004356032,Are PA chya micro ahet ka re,10,LOW
msg_-1001474058642_477454,2026-06-28T14:23:54+00:00,6881361072,Iot ch micro astil tr send kra,10,LOW
msg_-1001474058642_477443,2026-06-28T14:06:03+00:00,5006608247,Coa micro send  please,10,LOW
msg_-1001474058642_477439,2026-06-28T14:02:42+00:00,6076742373,Bhai dusre hai kya micro,10,LOW
msg_-1001474058642_477436,2026-06-28T13:54:36+00:00,6232011386,Ahe,10,LOW
msg_-1001474058642_477434,2026-06-28T13:46:09+00:00,6232011386,PDF,10,LOW
msg_-1001474058642_477433,2026-06-28T13:46:02+00:00,6232011386,Mr VP,10,LOW
msg_-1001474058642_477431,2026-06-28T13:45:20+00:00,8099460705,Please send if possible,10,LOW
msg_-1001474058642_477429,2026-06-28T13:44:33+00:00,8041920682,Es,10,LOW
msg_-1001474058642_477428,2026-06-28T13:44:30+00:00,8041920682,Ss micro,10,LOW
msg_-1001474058642_477423,2026-06-28T13:36:47+00:00,6266614689,Pa micro,10,LOW
msg_-1001474058642_477422,2026-06-28T13:33:01+00:00,6560943752,FDSML Micro ahe ka,10,LOW
msg_-1001474058642_477416,2026-06-28T13:18:08+00:00,6308476181,Fdsml micro plz,10,LOW
msg_-1001474058642_477415,2026-06-28T13:17:21+00:00,8739704042,FDSML micro pdf,10,LOW
msg_-1001474058642_477414,2026-06-28T12:57:08+00:00,1199625472,please helppp,10,LOW
msg_-1001474058642_477413,2026-06-28T12:56:59+00:00,1199625472,not prepared for exam,10,LOW
msg_-1001474058642_477412,2026-06-28T12:56:52+00:00,1199625472,fdsml micro please,10,LOW
msg_-1001474058642_477411,2026-06-28T12:56:46+00:00,5158946321,Imp questions of PA ?,10,LOW
msg_-1001474058642_477405,2026-06-28T12:27:04+00:00,8099460705,Mechatronics pdf please,10,LOW
msg_-1001474058642_477404,2026-06-28T12:26:29+00:00,6482777147,Es micro,10,LOW
msg_-1001474058642_477402,2026-06-28T12:10:55+00:00,1580076723,Geology micro taka na,10,LOW
msg_-1001474058642_477399,2026-06-28T12:00:11+00:00,1175588650,Geology micro,10,LOW
msg_-1001474058642_477397,2026-06-28T11:54:18+00:00,1697690982,Data science pyq,10,LOW
msg_-1001474058642_477396,2026-06-28T11:51:38+00:00,1574508903,2024 pattern,10,LOW
msg_-1001474058642_477395,2026-06-28T11:49:09+00:00,1574508903,OOP MICRO???,10,LOW
msg_-1001474058642_477394,2026-06-28T11:48:12+00:00,8758421705,MPMC question paper?,10,LOW
msg_-1001474058642_477390,2026-06-28T11:37:05+00:00,6251413862,.,10,LOW
msg_-1001474058642_477384,2026-06-28T11:29:42+00:00,1574508903,"OOPS Micro ,Notes????",10,LOW
msg_-1001474058642_477382,2026-06-28T11:19:14+00:00,5493548328,Anyone have pa micro?,10,LOW
msg_-1001474058642_477379,2026-06-28T11:10:26+00:00,1251665511,Please,10,LOW
msg_-1001474058642_477377,2026-06-28T11:10:22+00:00,1251665511,Oops micro,10,LOW
msg_-1001474058642_477374,2026-06-28T10:40:36+00:00,6266614689,Pa micro,10,LOW
msg_-1001474058642_477370,2026-06-28T10:18:49+00:00,7987189408,Oops micro ?,10,LOW
msg_-1001474058642_477362,2026-06-28T10:15:57+00:00,1165804091,Oop micro,10,LOW
msg_-1001474058642_477358,2026-06-28T09:47:32+00:00,1203772833,Asla tr please patvna,10,LOW
msg_-1001474058642_477356,2026-06-28T09:47:21+00:00,1203772833,Environmental studies cha study material ahe ka re kunakde,10,LOW
msg_-1001474058642_477354,2026-06-28T09:38:33+00:00,6086340327,Geology micro,10,LOW
msg_-1001474058642_477352,2026-06-28T09:18:03+00:00,6275707761,.,10,LOW
msg_-1001474058642_477346,2026-06-28T08:21:18+00:00,1983163307,Geology micro,10,LOW
msg_-1001474058642_477345,2026-06-28T08:15:12+00:00,7580848015,Oop micro please send,10,LOW
msg_-1001474058642_477344,2026-06-28T08:14:52+00:00,1103872371,Geology Imp Taka Please,10,LOW
msg_-1001474058642_477340,2026-06-28T07:43:08+00:00,6755968181,Javascript micro plzzz,10,LOW
msg_-1001474058642_477339,2026-06-28T07:30:14+00:00,1796452715,Hiiii,10,LOW
msg_-1001474058642_477337,2026-06-28T07:21:55+00:00,1225047567,Oop imp questions pls,10,LOW
msg_-1001474058642_477336,2026-06-28T07:16:13+00:00,8362891674,dsp notes plzz??,10,LOW
msg_-1001474058642_477330,2026-06-28T06:41:22+00:00,1994138204,.,10,LOW
msg_-1001474058642_477329,2026-06-28T06:41:18+00:00,1994138204,oop decode.pdf,10,LOW
msg_-1001474058642_477327,2026-06-28T06:39:38+00:00,6571346935,Bro 😂,10,LOW
msg_-1001474058642_477326,2026-06-28T06:37:48+00:00,6089987047,Dev manus🙌,10,LOW
msg_-1001474058642_477325,2026-06-28T06:32:10+00:00,1203772833,Bagwan se kam nahi ho beta,10,LOW
msg_-1001474058642_477324,2026-06-28T06:27:53+00:00,1812664738,AIDS embedded system micro pls,10,LOW
msg_-1001474058642_477323,2026-06-28T06:27:43+00:00,8443584702,Bhai log iot ke micro send kardo koi to,10,LOW
msg_-1001474058642_477318,2026-06-28T05:55:23+00:00,7325572222,Please,10,LOW
msg_-1001474058642_477317,2026-06-28T05:55:19+00:00,7325572222,Send oops notes,10,LOW
msg_-1001474058642_477314,2026-06-28T05:37:22+00:00,7780926111,Aiml cha ahe ka micro,10,LOW
msg_-1001474058642_477311,2026-06-28T05:25:30+00:00,1203772833,Iot imp by vp,10,LOW
msg_-1001474058642_477310,2026-06-28T05:25:16+00:00,1203772833,Iot imp by vp,10,LOW
msg_-1001474058642_477309,2026-06-28T05:23:12+00:00,1203772833,Iot imp by vp does anyone have,10,LOW
msg_-1001474058642_477308,2026-06-28T04:54:33+00:00,8600896289,Iot notes,10,LOW
msg_-1001474058642_477307,2026-06-28T04:41:16+00:00,6610605183,oop  decode.pdf,17323,LOW
msg_-1001474058642_477306,2026-06-28T04:40:45+00:00,1895961107,Send embedded system micro pdf or by vp pdf,10,LOW
msg_-1001474058642_477305,2026-06-28T04:38:38+00:00,8750076876,Notes also,10,LOW
msg_-1001474058642_477304,2026-06-28T04:38:29+00:00,8750076876,Deep learning question papers taka na recently zalela,10,LOW
msg_-1001474058642_477303,2026-06-28T04:38:26+00:00,1384642340,Adcs question paper,10,LOW
msg_-1001474058642_477302,2026-06-28T04:32:17+00:00,1757899602,?,10,LOW
msg_-1001474058642_477301,2026-06-28T04:31:49+00:00,1757899602,Kisis ke paas oops ka decode h kya,10,LOW
msg_-1001474058642_477299,2026-06-28T04:26:59+00:00,5660236356,Iot micro,10,LOW
msg_-1001474058642_477294,2026-06-28T03:59:52+00:00,6610605183,?,10,LOW
msg_-1001474058642_477293,2026-06-28T03:51:15+00:00,1994138204,Oops micro or imp?,10,LOW
msg_-1001474058642_477291,2026-06-28T03:14:57+00:00,8632087031,24 july,10,LOW
msg_-1001474058642_477290,2026-06-28T03:14:49+00:00,8632087031,SCOE,10,LOW
msg_-1001474058642_477289,2026-06-28T03:05:30+00:00,7780926111,Iot micro,10,LOW
msg_-1001474058642_477287,2026-06-28T01:36:51+00:00,8474866527,FDSML micro plzz,10,LOW
msg_-1001474058642_477235,2026-06-27T17:36:39+00:00,5375810838,Hi,10,LOW
msg_-1001474058642_477225,2026-06-27T17:16:32+00:00,5251172156,Oop micro plz,10,LOW
msg_-1001474058642_477224,2026-06-27T17:08:33+00:00,8474866527,Password,10,LOW
msg_-1001474058642_477223,2026-06-27T17:08:29+00:00,8474866527,Passwors,10,LOW
msg_-1001474058642_477222,2026-06-27T17:06:52+00:00,1203772833,🙏 thanks,10,LOW
msg_-1001474058642_477214,2026-06-27T17:03:54+00:00,1015951521,"anyone have june cloud computing,MIOT and EPD question paper",10,LOW
msg_-1001474058642_477203,2026-06-27T16:51:10+00:00,6251413862,.,10,LOW
msg_-1001474058642_477199,2026-06-27T16:39:08+00:00,5236886066,Hn,10,LOW
msg_-1001474058642_477198,2026-06-27T16:38:59+00:00,5236886066,It,10,LOW
msg_-1001474058642_477197,2026-06-27T16:38:58+00:00,5236886066,Send,10,LOW
msg_-1001474058642_477196,2026-06-27T16:38:55+00:00,5236886066,Yes,10,LOW
msg_-1001474058642_477179,2026-06-27T16:07:38+00:00,5419736561,oops micro,10,LOW
msg_-1001474058642_477177,2026-06-27T16:01:06+00:00,6138030775,Aids embedded system micro,10,LOW
msg_-1001474058642_477176,2026-06-27T15:50:47+00:00,8474866527,Plzz,10,LOW
msg_-1001474058642_477175,2026-06-27T15:50:46+00:00,8474866527,FDSML micro,10,LOW
msg_-1001474058642_477174,2026-06-27T15:39:57+00:00,7539747789,With answers imp,10,LOW
msg_-1001474058642_477171,2026-06-27T15:24:29+00:00,7343445159,Oop imp,10,LOW
msg_-1001474058642_477170,2026-06-27T15:03:19+00:00,6662910570,AIDS embedded system micro pls,10,LOW
msg_-1001474058642_477169,2026-06-27T15:03:00+00:00,6662910570,Embedded system ka hai kya kuch,10,LOW
msg_-1001474058642_477168,2026-06-27T15:01:20+00:00,6080026407,Iot micro,10,LOW
msg_-1001474058642_477165,2026-06-27T14:48:16+00:00,1072297082,Anyone send iot pdf by vp,10,LOW
msg_-1001474058642_477164,2026-06-27T14:33:25+00:00,8214692233,Fdsml micro please,10,LOW
msg_-1001474058642_477161,2026-06-27T14:27:53+00:00,5637060307,"Document from MOHIT""",10,LOW
msg_-1001474058642_477160,2026-06-27T14:21:11+00:00,5637060307,"Document from MOHIT""",10,LOW
msg_-1001474058642_477159,2026-06-27T14:21:10+00:00,5637060307,"Document from MOHIT""",10,LOW
msg_-1001474058642_477154,2026-06-27T14:15:51+00:00,7512176363,OT imp questions,10,LOW
msg_-1001474058642_477153,2026-06-27T14:15:27+00:00,7087642172,Oops notes,10,LOW
msg_-1001474058642_477152,2026-06-27T14:08:39+00:00,5124474930,Pa micro,10,LOW
msg_-1001474058642_477149,2026-06-27T14:07:19+00:00,5961531895,CNS backlog question paper,10,LOW
msg_-1001474058642_477147,2026-06-27T13:33:15+00:00,5661679729,Oops imp ?,10,LOW
msg_-1001474058642_477145,2026-06-27T13:17:24+00:00,5760639759,Thik ahe,10,LOW
msg_-1001474058642_477144,2026-06-27T13:06:52+00:00,7499965654,Bhai udya bhetl कारण माझ्याकडे udya yeil,10,LOW
msg_-1001474058642_477134,2026-06-27T12:29:29+00:00,1203772833,Also environmental studies and project management,10,LOW
msg_-1001474058642_477133,2026-06-27T12:29:19+00:00,1203772833,Does anyone have,10,LOW
msg_-1001474058642_477132,2026-06-27T12:29:16+00:00,1203772833,Iot imp,10,LOW
msg_-1001474058642_477109,2026-06-27T12:23:16+00:00,6308476181,Fdsml micro plz,10,LOW
msg_-1001474058642_477052,2026-06-27T10:08:56+00:00,8295823439,Please send oop notes,10,LOW
msg_-1001474058642_477051,2026-06-27T10:08:41+00:00,8295823439,Please send oop notes,10,LOW
msg_-1001474058642_477049,2026-06-27T10:05:37+00:00,8295823439,Hello 💗,10,LOW
msg_-1001474058642_477047,2026-06-27T09:33:33+00:00,1203772833,😭,10,LOW
msg_-1001474058642_477046,2026-06-27T09:23:22+00:00,5977962222,Sppu entc branch semistar 4 oop note,10,LOW
msg_-1001474058642_477045,2026-06-27T08:58:03+00:00,6984557686,Is it imp questions???,10,LOW
msg_-1001474058642_477040,2026-06-27T08:14:47+00:00,7231267632,iot notes and imps,10,LOW
msg_-1001474058642_477039,2026-06-27T08:13:50+00:00,7599655971,Pa notes,10,LOW
msg_-1001474058642_477023,2026-06-27T07:52:04+00:00,5801793211,Hello,10,LOW
msg_-1001474058642_477022,2026-06-27T07:44:08+00:00,7466243293,PA Micro Pleaseee,10,LOW
msg_-1001474058642_477007,2026-06-27T07:01:37+00:00,6770338771,Oop notes,10,LOW
msg_-1001474058642_477002,2026-06-27T06:59:00+00:00,7294036064,Ok thx. Bro,10,LOW
msg_-1001474058642_477001,2026-06-27T06:57:05+00:00,8723746898,Could you please share this PDF?,10,LOW
msg_-1001474058642_476999,2026-06-27T06:52:31+00:00,1804938285,IOT Micro Send Please,10,LOW
msg_-1001474058642_476998,2026-06-27T06:51:27+00:00,1572762887,Oop micro pls send,10,LOW
msg_-1001474058642_476996,2026-06-27T06:41:57+00:00,1049491929,Javascript decode?,10,LOW
msg_-1001474058642_476995,2026-06-27T06:38:01+00:00,7945910236,Oops micro,10,LOW
msg_-1001474058642_476994,2026-06-27T06:32:39+00:00,6554845964,Oops chya notes  astela tara send kara it's very urgent@all,10,LOW
msg_-1001474058642_476993,2026-06-27T06:29:34+00:00,6038110592,Java micro plz,10,LOW
msg_-1001474058642_476989,2026-06-27T06:22:50+00:00,5418702384,Opps micro,10,LOW
msg_-1001474058642_476976,2026-06-27T05:55:32+00:00,5777886792,Does anyone have the recent April / May 2026 Wireless Communication (End-Sem) Question Paper ?,10,LOW
msg_-1001474058642_476967,2026-06-27T05:23:48+00:00,6302108814,Project management also needs notes and micro,10,LOW
msg_-1001474058642_476966,2026-06-27T05:23:06+00:00,6302108814,Environmental Averness for electrical engineers,10,LOW
msg_-1001474058642_476965,2026-06-27T05:21:14+00:00,6302108814,Need Fundamentals of  Data science and machine learning notes and micro,10,LOW
msg_-1001474058642_476956,2026-06-27T04:49:50+00:00,8686746376,Share geology best note.pdf,10,LOW
msg_-1001474058642_476953,2026-06-27T04:04:04+00:00,2005389749,PA chya micro aahet ka konakade,10,LOW
msg_-1001474058642_476952,2026-06-27T04:02:15+00:00,7703709474,Iot micro,10,LOW
msg_-1001474058642_476951,2026-06-27T03:32:52+00:00,7523629442,Ek # pagije,10,LOW
msg_-1001474058642_476948,2026-06-27T03:10:24+00:00,5595462559,Usse nikal lega kya?,10,LOW
msg_-1001474058642_476945,2026-06-27T02:42:58+00:00,7873580284,IoT hone de yr,10,LOW
msg_-1001474058642_476943,2026-06-27T02:40:18+00:00,7873580284,Mujhe khud avi pta chla ye group ke baare mein,10,LOW
msg_-1001474058642_476942,2026-06-27T02:39:59+00:00,7873580284,Nai n,10,LOW
msg_-1001474058642_476941,2026-06-27T02:39:58+00:00,1203772833,Koi environment studies and project management ka meterial bhejo,10,LOW
msg_-1001474058642_476939,2026-06-27T02:38:03+00:00,5582692410,Essd notes,10,LOW
msg_-1001474058642_476938,2026-06-27T02:37:53+00:00,5582692410,Essd imp questions,10,LOW
msg_-1001474058642_476919,2026-06-26T18:02:45+00:00,8738743244,Ho hoyel but 1st year all clear lagel ani pointer 7 chy vr pahije,10,LOW
msg_-1001474058642_476918,2026-06-26T17:57:41+00:00,1281270120,Please it's urgent @all,10,LOW
msg_-1001474058642_476917,2026-06-26T17:49:00+00:00,5193025784,PA micro please,10,LOW
msg_-1001474058642_476915,2026-06-26T17:11:13+00:00,1281270120,"cloud computing,MIOT and Deep learning notes and micro please taka",10,LOW
msg_-1001474058642_476914,2026-06-26T16:57:59+00:00,7227894795,👀,10,LOW
msg_-1001474058642_476913,2026-06-26T16:51:04+00:00,7402125400,Embedded system question papers hai kya ?,10,LOW
msg_-1001474058642_476912,2026-06-26T16:43:38+00:00,1203772833,Does any one have,10,LOW
msg_-1001474058642_476910,2026-06-26T16:29:24+00:00,8656427489,Geology chy notes patava,10,LOW
msg_-1001474058642_476908,2026-06-26T16:25:57+00:00,8750076876,Recently zalela Deep Learning taka,10,LOW
msg_-1001474058642_476907,2026-06-26T16:25:47+00:00,8750076876,BE Deep Learning taka . Questions paper notes,10,LOW
msg_-1001474058642_476906,2026-06-26T16:25:41+00:00,7294036064,Second la,10,LOW
msg_-1001474058642_476905,2026-06-26T16:25:30+00:00,7294036064,Mala branch change karaychi aahe any idea hoil ka nhi te,10,LOW
msg_-1001474058642_476903,2026-06-26T16:16:15+00:00,6605833550,Coa micro,10,LOW
msg_-1001474058642_476902,2026-06-26T16:16:08+00:00,7655654618,5 marks parnt,10,LOW
msg_-1001474058642_476901,2026-06-26T16:15:28+00:00,7011185372,Eka subject la grace pahije asel t kiti cha bhetto,10,LOW
msg_-1001474058642_476900,2026-06-26T16:15:21+00:00,7011185372,Eka subject la grace pahije asel t kiti cha bhetto,10,LOW
msg_-1001474058642_476899,2026-06-26T15:55:04+00:00,1389208025,Hall ticket vr subject code aahe bg,10,LOW
msg_-1001474058642_476898,2026-06-26T15:54:51+00:00,1389208025,Ha syllabus correct aahe,10,LOW
msg_-1001474058642_476890,2026-06-26T15:02:56+00:00,7445510466,Plz send processor architecture notes,10,LOW
msg_-1001474058642_476889,2026-06-26T14:47:52+00:00,2067866607,FDSML  micro notes share Kara,10,LOW
msg_-1001474058642_476883,2026-06-26T14:07:59+00:00,8214692233,Please,10,LOW
msg_-1001474058642_476882,2026-06-26T14:07:29+00:00,8214692233,Fdsml imp notes 2024 pattern,10,LOW
msg_-1001474058642_476881,2026-06-26T14:04:19+00:00,5174050688,Fdsml che micro send Kara 24 pattern,10,LOW
msg_-1001474058642_476880,2026-06-26T13:19:21+00:00,1572762887,Oop micro,10,LOW
msg_-1001474058642_476879,2026-06-26T13:17:12+00:00,1572762887,24 pattern syllabus,10,LOW
msg_-1001474058642_476876,2026-06-26T13:06:34+00:00,7277615471,Ha syllabus correct ahe ka dusra,10,LOW
msg_-1001474058642_476871,2026-06-26T13:01:49+00:00,7227894795,TE machine learning micro,10,LOW
msg_-1001474058642_476870,2026-06-26T13:01:22+00:00,8738743244,Ahe,10,LOW
msg_-1001474058642_476869,2026-06-26T13:00:03+00:00,1165804091,Oop imp questions send it,10,LOW
msg_-1001474058642_476868,2026-06-26T12:46:21+00:00,7277615471,Oop 2024 pattern syllabus,10,LOW
msg_-1001474058642_476867,2026-06-26T12:45:59+00:00,7277615471,Oop syllabus?,10,LOW
msg_-1001474058642_476865,2026-06-26T12:35:53+00:00,1015951521,"@all  anyone have june cloud computing,MIOT and EPD question paper",10,LOW
msg_-1001474058642_476862,2026-06-26T12:32:39+00:00,7077506552,Pa micro?,10,LOW
msg_-1001474058642_476855,2026-06-26T11:56:06+00:00,1628787122,Machine learning TE IT 2019 PATTERN MICRO,10,LOW
msg_-1001474058642_476853,2026-06-26T11:37:52+00:00,1937500721,FODs& ML imp question,10,LOW
msg_-1001474058642_476851,2026-06-26T11:21:57+00:00,1321782078,Anyone have Geology Micro ?,10,LOW
msg_-1001474058642_476850,2026-06-26T10:57:25+00:00,7458283185,Essd imp pdf,10,LOW
msg_-1001474058642_476849,2026-06-26T10:53:30+00:00,6000008371,Engineering Geology notes plus micro of 2024 pattern,10,LOW
msg_-1001474058642_476845,2026-06-26T10:19:05+00:00,6573498209,IoT imp,10,LOW
msg_-1001474058642_476839,2026-06-26T10:00:49+00:00,5358528810,Machine learning chi question paper aahe ka third year IT  Ji atta zhali,10,LOW
msg_-1001474058642_476829,2026-06-26T09:32:52+00:00,1315007181,Send plz,10,LOW
msg_-1001474058642_476828,2026-06-26T09:32:45+00:00,1315007181,Micro,10,LOW
msg_-1001474058642_476827,2026-06-26T09:32:43+00:00,1315007181,Power quality management notes,10,LOW
msg_-1001474058642_476826,2026-06-26T09:32:29+00:00,1315007181,PQM notes,10,LOW
msg_-1001474058642_476825,2026-06-26T09:27:49+00:00,2064407409,Embedded system notes,10,LOW
msg_-1001474058642_476824,2026-06-26T09:22:45+00:00,8994224249,.,10,LOW
msg_-1001474058642_476822,2026-06-26T09:22:09+00:00,8994224249,Project Management IMP?,10,LOW
msg_-1001474058642_476820,2026-06-26T09:15:15+00:00,1225047567,Yes please,10,LOW
msg_-1001474058642_476819,2026-06-26T08:39:14+00:00,7945910236,Oop micro,10,LOW
msg_-1001474058642_476815,2026-06-26T08:29:16+00:00,5456591071,Hi,10,LOW
msg_-1001474058642_476807,2026-06-26T07:20:45+00:00,7888903789,Object oriented programming (SE 2024 pattern EnTc)  Imp questions and notes,10,LOW
msg_-1001474058642_476787,2026-06-26T06:57:24+00:00,1759181924,Plz send Internet of thing imp,10,LOW
msg_-1001474058642_476785,2026-06-26T06:46:28+00:00,6038296391,..,10,LOW
msg_-1001474058642_476783,2026-06-26T06:44:43+00:00,2139650568,Pyq,10,LOW
msg_-1001474058642_476782,2026-06-26T06:38:10+00:00,1212192261,PLC and SCADA micro please send karo jaldi .....500 ru turant account me transfer,10,LOW
msg_-1001474058642_476781,2026-06-26T06:37:33+00:00,6770338771,Oop entc imp questions,10,LOW
msg_-1001474058642_476780,2026-06-26T06:33:33+00:00,6770338771,Object oriented programming (SE 2024 pattern EnTc)  Imp questions and proper notes,10,LOW
msg_-1001474058642_476779,2026-06-26T06:25:25+00:00,5124474930,Send pa imp,10,LOW
msg_-1001474058642_476778,2026-06-26T06:22:49+00:00,6038110592,Industrial organization and management notes please,10,LOW
msg_-1001474058642_476777,2026-06-26T06:22:34+00:00,6038110592,Industrial organization and management notes please,10,LOW
msg_-1001474058642_476776,2026-06-26T06:21:19+00:00,6011679312,Plz provide m3 syllabus,10,LOW
msg_-1001474058642_476774,2026-06-26T06:05:37+00:00,7601592998,Pa imp,10,LOW
msg_-1001474058642_476772,2026-06-26T05:31:27+00:00,8268838705,Engineering Geology micro send,10,LOW
msg_-1001474058642_476771,2026-06-26T05:31:02+00:00,8750076876,BE 2019 pattern,10,LOW
msg_-1001474058642_476770,2026-06-26T05:30:05+00:00,8750076876,Deep learning,10,LOW
msg_-1001474058642_476767,2026-06-26T05:14:26+00:00,5200444589,cloud computing and Java script decode,10,LOW
msg_-1001474058642_476762,2026-06-26T04:37:42+00:00,6275707761,AIDS embedded system micro pls,10,LOW
msg_-1001474058642_476761,2026-06-26T04:26:26+00:00,7371328465,... reminder,10,LOW
msg_-1001474058642_476759,2026-06-26T03:46:41+00:00,1203772833,Channel hai kya vp ka,10,LOW
msg_-1001474058642_476758,2026-06-26T03:46:26+00:00,1203772833,✌,10,LOW
msg_-1001474058642_476757,2026-06-26T03:46:20+00:00,1203772833,Ha muje bhi chahiye,10,LOW
msg_-1001474058642_476756,2026-06-26T03:46:07+00:00,1203772833,Internet of things  Project management  Environment studies,10,LOW
msg_-1001474058642_476755,2026-06-26T03:45:46+00:00,5469574728,Plz kisike pas VP ke imp hot IoT ke toh bhejo,10,LOW
msg_-1001474058642_476753,2026-06-26T03:28:25+00:00,5595933674,Bee cha zalela paper aahe ka konakade 2019 pattern,10,LOW
msg_-1001474058642_476752,2026-06-26T03:15:28+00:00,1286285845,Plc and scada notes or decode plz send,10,LOW
msg_-1001474058642_476751,2026-06-26T03:14:52+00:00,6404568280,Microo,10,LOW
msg_-1001474058642_476749,2026-06-26T02:54:43+00:00,5684814923,Mos 2019 imp plz,10,LOW
msg_-1001474058642_476747,2026-06-26T01:36:28+00:00,7716259655,Yes,10,LOW
msg_-1001474058642_476720,2026-06-25T18:24:34+00:00,1986955321,Spos micro please,10,LOW
msg_-1001474058642_476719,2026-06-25T18:18:43+00:00,6266614689,Pa imp,10,LOW
msg_-1001474058642_476706,2026-06-25T18:08:55+00:00,1343357396,Blockchain technology csdf stqa chi question paper asel tar share kara recent zhalela,10,LOW
msg_-1001474058642_476702,2026-06-25T18:05:34+00:00,8195186801,Embedded System pdf,10,LOW
msg_-1001474058642_476700,2026-06-25T18:02:20+00:00,1847441713,PA micro?,10,LOW
msg_-1001474058642_476699,2026-06-25T17:58:18+00:00,5886578147,PA micro,10,LOW
msg_-1001474058642_476672,2026-06-25T16:52:24+00:00,6030077723,Oop micro,10,LOW
msg_-1001474058642_476670,2026-06-25T16:50:47+00:00,5880739288,FDML ???,10,LOW
msg_-1001474058642_476666,2026-06-25T16:48:38+00:00,8610644914,Bhetli ka bhai ?,10,LOW
msg_-1001474058642_476665,2026-06-25T16:48:35+00:00,6409649134,ok bhava,10,LOW
msg_-1001474058642_476653,2026-06-25T16:38:41+00:00,8471241423,Geology imp notes or micro please,10,LOW
msg_-1001474058642_476652,2026-06-25T16:30:26+00:00,8124745927,IOT important questions AIML,10,LOW
msg_-1001474058642_476651,2026-06-25T16:26:11+00:00,5236886066,Anyone have FDSML notes?? Send it,10,LOW
msg_-1001474058642_476650,2026-06-25T16:17:28+00:00,5867214991,Oop,10,LOW
msg_-1001474058642_476648,2026-06-25T16:12:19+00:00,7684744901,Process architecture important questions SEIT 2024 pattern,10,LOW
msg_-1001474058642_476647,2026-06-25T15:48:47+00:00,7374931694,Anybody have data science notes pls,10,LOW
msg_-1001474058642_476645,2026-06-25T15:48:02+00:00,7374931694,Data science pyq paper or notes?,10,LOW
msg_-1001474058642_476644,2026-06-25T15:38:50+00:00,5815942453,..,10,LOW
msg_-1001474058642_476642,2026-06-25T15:31:20+00:00,8948763540,Imp questions of PA,10,LOW
msg_-1001474058642_476640,2026-06-25T15:27:23+00:00,1757447080,IOT imp ?,10,LOW
msg_-1001474058642_476639,2026-06-25T15:26:38+00:00,7912091889,Anyone have FDS &ML 24 pattern notes,10,LOW
msg_-1001474058642_476638,2026-06-25T15:22:28+00:00,6218484204,Geology micro,10,LOW
msg_-1001474058642_476637,2026-06-25T15:19:39+00:00,6443577613,Fdml subject ka notes send kar na,10,LOW
msg_-1001474058642_476636,2026-06-25T15:18:03+00:00,1718135231,.,10,LOW
msg_-1001474058642_476633,2026-06-25T14:54:28+00:00,8574366804,.,10,LOW
msg_-1001474058642_476628,2026-06-25T14:43:12+00:00,6577466058,Ye kay hota he,10,LOW
msg_-1001474058642_476627,2026-06-25T14:41:48+00:00,8223161856,FDSML notes,10,LOW
msg_-1001474058642_476626,2026-06-25T14:38:14+00:00,5760639759,Kadhi paryant send karshil,10,LOW
msg_-1001474058642_476625,2026-06-25T14:32:45+00:00,8833215462,Object oriented programming (SE 2024 pattern EnTc)  Imp questions and proper notes,10,LOW
msg_-1001474058642_476622,2026-06-25T14:17:08+00:00,6216470346,PA micro,10,LOW
msg_-1001474058642_476621,2026-06-25T14:13:39+00:00,7523629442,Konsa college,10,LOW
msg_-1001474058642_476619,2026-06-25T14:12:40+00:00,7499965654,Ok,10,LOW
msg_-1001474058642_476618,2026-06-25T14:12:27+00:00,1697690982,Sabhh MCQ wale,10,LOW
msg_-1001474058642_476617,2026-06-25T14:06:17+00:00,8543037961,Please send the PA micro,10,LOW
msg_-1001474058642_476616,2026-06-25T14:04:17+00:00,5815942453,Engineering geology Notes,10,LOW
msg_-1001474058642_476615,2026-06-25T14:02:51+00:00,2129639282,Does anyone have Striver plus batch of DSA?,10,LOW
msg_-1001474058642_476614,2026-06-25T13:34:28+00:00,1201162280,FDSML micro send me,10,LOW
msg_-1001474058642_476613,2026-06-25T13:24:06+00:00,6881361072,IOT che imp questions astil tr send kra,10,LOW
msg_-1001474058642_476612,2026-06-25T13:18:27+00:00,8066073159,Anyone now second year civil,10,LOW
msg_-1001474058642_476611,2026-06-25T13:17:07+00:00,8066073159,Hii,10,LOW
msg_-1001474058642_476608,2026-06-25T12:46:14+00:00,8632087031,1 july 🫠,10,LOW
msg_-1001474058642_476606,2026-06-25T12:34:58+00:00,8099460705,Mechatronics pdf please,10,LOW
msg_-1001474058642_476605,2026-06-25T12:18:35+00:00,6086340327,Engineering geology micro,10,LOW
msg_-1001474058642_476604,2026-06-25T11:56:50+00:00,5760639759,Send same pdf ofc iot,10,LOW
msg_-1001474058642_476603,2026-06-25T11:53:29+00:00,7548019475,Object oriented programming (SE 2024 pattern EnTc)  Imp questions and proper notes,10,LOW
msg_-1001474058642_476602,2026-06-25T11:53:14+00:00,6251413862,Embedded system micro pls,10,LOW
msg_-1001474058642_476600,2026-06-25T11:51:14+00:00,6251413862,AIDS embedded system micro pls,10,LOW
msg_-1001474058642_476599,2026-06-25T11:30:26+00:00,8174169299,Mere par mai 1 august se jaunga,10,LOW
msg_-1001474058642_476598,2026-06-25T11:29:53+00:00,8174169299,Aab kya kya nikalega,10,LOW
msg_-1001474058642_476597,2026-06-25T11:24:09+00:00,8586783472,Need,10,LOW
msg_-1001474058642_476596,2026-06-25T11:24:04+00:00,8586783472,Fast,10,LOW
msg_-1001474058642_476595,2026-06-25T11:24:01+00:00,8586783472,Send pps question paper,10,LOW
msg_-1001474058642_476593,2026-06-25T10:45:52+00:00,8076541128,Oop 24pattern nots / imp,10,LOW
